product_id,variant_id,name,brand,sku,category_path,url,crawl_url,price,currency,price_status,pack_size,availability,description,specifications,image_urls,alternatives,extraction_method,scraped_at,source_hash
9f8e6bfe4be8486a98a2d071fd2a58f7,7570003,"Technocut&reg; disposable scalpel #12,10/box",Myco Medical,7570003,sutures-surgical-products,https://www.safcodental.com/product/myco-medical-technocut-reg-disposable-scalpels,https://www.safcodental.com/product/myco-medical-technocut-reg-disposable-scalpels,8.99,USD,visible,10/box,In stock,"Non-slip, clear shield improves safety and enables easy blade size identification Ergonomic, non-slip plastic handle with integrated metric ruler for convenience Scalpel blades produced from high-quality Swiss stainless steel 100% automated inspection verifies the blade to handle attachment Cold-staking used for attaching blade to handle, improving consistency Scalpels manufactured in facilities that conform to ISO 13485",{},"https://www.safcodental.com/media/catalog/product/p/f/pflxa.jpg?width=265&height=265&canvas=265,265&optimize=medium&fit=bounds",,structured,2026-08-19T03:49:55.022979+00:00,b2263e6c581c12e9
e1b7cd14045e49c6be4caa9f400ca156,7570026,"Technocut&reg; disposable scalpel #12B,10/box",Myco Medical,7570026,sutures-surgical-products,https://www.safcodental.com/product/myco-medical-technocut-reg-disposable-scalpels,https://www.safcodental.com/product/myco-medical-technocut-reg-disposable-scalpels,9.49,USD,visible,10/box,In stock,"Non-slip, clear shield improves safety and enables easy blade size identification Ergonomic, non-slip plastic handle with integrated metric ruler for convenience Scalpel blades produced from high-quality Swiss stainless steel 100% automated inspection verifies the blade to handle attachment Cold-staking used for attaching blade to handle, improving consistency Scalpels manufactured in facilities that conform to ISO 13485",{},"https://www.safcodental.com/media/catalog/product/p/f/pflxa.jpg?width=265&height=265&canvas=265,265&optimize=medium&fit=bounds",,structured,2026-08-19T03:49:55.030150+00:00,51a4cb10d33fd1d5
f350bc65286c45acb5e5d6e44002b289,7570047,"Technocut&reg; disposable scalpel #11,10/box",Myco Medical,7570047,sutures-surgical-products,https://www.safcodental.com/product/myco-medical-technocut-reg-disposable-scalpels,https://www.safcodental.com/product/myco-medical-technocut-reg-disposable-scalpels,8.99,USD,visible,10/box,In stock,"Non-slip, clear shield improves safety and enables easy blade size identification Ergonomic, non-slip plastic handle with integrated metric ruler for convenience Scalpel blades produced from high-quality Swiss stainless steel 100% automated inspection verifies the blade to handle attachment Cold-staking used for attaching blade to handle, improving consistency Scalpels manufactured in facilities that conform to ISO 13485",{},"https://www.safcodental.com/media/catalog/product/p/f/pflxa.jpg?width=265&height=265&canvas=265,265&optimize=medium&fit=bounds",,structured,2026-08-19T03:49:55.036498+00:00,7aacb14b7f8e0a49
d2a80b8ecc94481ba3f18de547d9e03c,7570048,"Technocut&reg; disposable scalpel #15,10/box",Myco Medical,7570048,sutures-surgical-products,https://www.safcodental.com/product/myco-medical-technocut-reg-disposable-scalpels,https://www.safcodental.com/product/myco-medical-technocut-reg-disposable-scalpels,8.99,USD,visible,10/box,In stock,"Non-slip, clear shield improves safety and enables easy blade size identification Ergonomic, non-slip plastic handle with integrated metric ruler for convenience Scalpel blades produced from high-quality Swiss stainless steel 100% automated inspection verifies the blade to handle attachment Cold-staking used for attaching blade to handle, improving consistency Scalpels manufactured in facilities that conform to ISO 13485",{},"https://www.safcodental.com/media/catalog/product/p/f/pflxa.jpg?width=265&height=265&canvas=265,265&optimize=medium&fit=bounds",,structured,2026-08-19T03:49:55.042369+00:00,752c2b1ee9c1a82a
ccd1d95dd0ce41a2b96bef3442941e7a,7570054,#10 Technocut Disp Scalpels,Myco Medical,7570054,sutures-surgical-products,https://www.safcodental.com/product/myco-medical-technocut-reg-disposable-scalpels,https://www.safcodental.com/product/myco-medical-technocut-reg-disposable-scalpels,8.99,USD,visible,,In stock,"Non-slip, clear shield improves safety and enables easy blade size identification Ergonomic, non-slip plastic handle with integrated metric ruler for convenience Scalpel blades produced from high-quality Swiss stainless steel 100% automated inspection verifies the blade to handle attachment Cold-staking used for attaching blade to handle, improving consistency Scalpels manufactured in facilities that conform to ISO 13485",{},"https://www.safcodental.com/media/catalog/product/p/f/pflxa.jpg?width=265&height=265&canvas=265,265&optimize=medium&fit=bounds",,structured,2026-08-19T03:49:55.051112+00:00,40ee0fe77d4822f7
afa9c2ab5f55456ba230dfaac070229f,3257147,VeraGraft&trade; mineralized cortical cancellous bone .25-1.0mm 1.0cc jar,DentalProX,3257147,sutures-surgical-products,https://www.safcodental.com/product/dentalprox-veragraft-trade-dental-powder,https://www.safcodental.com/product/dentalprox-veragraft-trade-dental-powder,65.99,USD,visible,,In stock,"Safe alternative to an autograft with no need for a second surgical site Osteoconductive Used for volumetric enhancement, space maintenance, and faster remodeling Sterile ground dental powder is available in cortical, cancellous and a cortical/cancellous mix.  Validated to a sterility assurance level (SAL) of 10(-6) in accordance with ISO 11137-2 Method 1.",{},"https://www.safcodental.com/media/catalog/product/p/f/pfwvg.jpg?width=265&height=265&canvas=265,265&optimize=medium&fit=bounds",,structured,2026-08-19T03:49:57.038888+00:00,936fa972b4346ecb
0a34a587f1854cfe8f9cbe93b2ca2db7,3257148,VeraGraft&trade; mineralized cortical cancellous bone .25-1.0mm 2.5cc jar,DentalProX,3257148,sutures-surgical-products,https://www.safcodental.com/product/dentalprox-veragraft-trade-dental-powder,https://www.safcodental.com/product/dentalprox-veragraft-trade-dental-powder,127.49,USD,visible,,In stock,"Safe alternative to an autograft with no need for a second surgical site Osteoconductive Used for volumetric enhancement, space maintenance, and faster remodeling Sterile ground dental powder is available in cortical, cancellous and a cortical/cancellous mix.  Validated to a sterility assurance level (SAL) of 10(-6) in accordance with ISO 11137-2 Method 1.",{},"https://www.safcodental.com/media/catalog/product/p/f/pfwvg.jpg?width=265&height=265&canvas=265,265&optimize=medium&fit=bounds",,structured,2026-08-19T03:49:57.045157+00:00,607ff5a375f09b6b
63f9786af3e7452bbe3b49dcac8cffd3,3257149,VeraGraft&trade; mineralized cortical cancellous bone .25-1.0mm 5.0cc jar,DentalProX,3257149,sutures-surgical-products,https://www.safcodental.com/product/dentalprox-veragraft-trade-dental-powder,https://www.safcodental.com/product/dentalprox-veragraft-trade-dental-powder,219.49,USD,visible,,In stock,"Safe alternative to an autograft with no need for a second surgical site Osteoconductive Used for volumetric enhancement, space maintenance, and faster remodeling Sterile ground dental powder is available in cortical, cancellous and a cortical/cancellous mix.  Validated to a sterility assurance level (SAL) of 10(-6) in accordance with ISO 11137-2 Method 1.",{},"https://www.safcodental.com/media/catalog/product/p/f/pfwvg.jpg?width=265&height=265&canvas=265,265&optimize=medium&fit=bounds",,structured,2026-08-19T03:49:57.051817+00:00,0fcc93881eaadb32
d0ca24cec1fe4b3793d2f13866440cc7,3257150,VeraGraft&trade; mineralized cortical cancellous bone .25-1.0mm 0.25cc jar,DentalProX,3257150,sutures-surgical-products,https://www.safcodental.com/product/dentalprox-veragraft-trade-dental-powder,https://www.safcodental.com/product/dentalprox-veragraft-trade-dental-powder,30.99,USD,visible,,In stock,"Safe alternative to an autograft with no need for a second surgical site Osteoconductive Used for volumetric enhancement, space maintenance, and faster remodeling Sterile ground dental powder is available in cortical, cancellous and a cortical/cancellous mix.  Validated to a sterility assurance level (SAL) of 10(-6) in accordance with ISO 11137-2 Method 1.",{},"https://www.safcodental.com/media/catalog/product/p/f/pfwvg.jpg?width=265&height=265&canvas=265,265&optimize=medium&fit=bounds",,structured,2026-08-19T03:49:57.058028+00:00,529e53c8085bfc88
5ceda62856214e6abd87029964d5959c,3257151,VeraGraft&trade; mineralized cortical cancellous bone .25-1.0mm 0.5cc jar,DentalProX,3257151,sutures-surgical-products,https://www.safcodental.com/product/dentalprox-veragraft-trade-dental-powder,https://www.safcodental.com/product/dentalprox-veragraft-trade-dental-powder,53.49,USD,visible,,In stock,"Safe alternative to an autograft with no need for a second surgical site Osteoconductive Used for volumetric enhancement, space maintenance, and faster remodeling Sterile ground dental powder is available in cortical, cancellous and a cortical/cancellous mix.  Validated to a sterility assurance level (SAL) of 10(-6) in accordance with ISO 11137-2 Method 1.",{},"https://www.safcodental.com/media/catalog/product/p/f/pfwvg.jpg?width=265&height=265&canvas=265,265&optimize=medium&fit=bounds",,structured,2026-08-19T03:49:57.064470+00:00,283923765d0e5720
3f068d13994d47079f2df6574303006c,3257152,VeraGraft&trade; mineralized cortical bone .25-1.0mm 1.0cc jar,DentalProX,3257152,sutures-surgical-products,https://www.safcodental.com/product/dentalprox-veragraft-trade-dental-powder,https://www.safcodental.com/product/dentalprox-veragraft-trade-dental-powder,59.49,USD,visible,,In stock,"Safe alternative to an autograft with no need for a second surgical site Osteoconductive Used for volumetric enhancement, space maintenance, and faster remodeling Sterile ground dental powder is available in cortical, cancellous and a cortical/cancellous mix.  Validated to a sterility assurance level (SAL) of 10(-6) in accordance with ISO 11137-2 Method 1.",{},"https://www.safcodental.com/media/catalog/product/p/f/pfwvg.jpg?width=265&height=265&canvas=265,265&optimize=medium&fit=bounds",,structured,2026-08-19T03:49:57.070426+00:00,bff2e4a4bf298649
4aecd5ea84154f1294cc803d4a1e408a,3257153,VeraGraft&trade; mineralized cortical bone .25-1.0mm 2.0cc jar,DentalProX,3257153,sutures-surgical-products,https://www.safcodental.com/product/dentalprox-veragraft-trade-dental-powder,https://www.safcodental.com/product/dentalprox-veragraft-trade-dental-powder,115.49,USD,visible,,In stock,"Safe alternative to an autograft with no need for a second surgical site Osteoconductive Used for volumetric enhancement, space maintenance, and faster remodeling Sterile ground dental powder is available in cortical, cancellous and a cortical/cancellous mix.  Validated to a sterility assurance level (SAL) of 10(-6) in accordance with ISO 11137-2 Method 1.",{},"https://www.safcodental.com/media/catalog/product/p/f/pfwvg.jpg?width=265&height=265&canvas=265,265&optimize=medium&fit=bounds",,structured,2026-08-19T03:49:57.076384+00:00,c7382c27c0edfbfd
9e40df692ccf459ba00db2d65fd08530,3257154,VeraGraft&trade; mineralized cortical bone .25-1.0mm 2.5cc jar,DentalProX,3257154,sutures-surgical-products,https://www.safcodental.com/product/dentalprox-veragraft-trade-dental-powder,https://www.safcodental.com/product/dentalprox-veragraft-trade-dental-powder,118.99,USD,visible,,In stock,"Safe alternative to an autograft with no need for a second surgical site Osteoconductive Used for volumetric enhancement, space maintenance, and faster remodeling Sterile ground dental powder is available in cortical, cancellous and a cortical/cancellous mix.  Validated to a sterility assurance level (SAL) of 10(-6) in accordance with ISO 11137-2 Method 1.",{},"https://www.safcodental.com/media/catalog/product/p/f/pfwvg.jpg?width=265&height=265&canvas=265,265&optimize=medium&fit=bounds",,structured,2026-08-19T03:49:57.082879+00:00,ed1cad4c5ea0f1ac
37434461dab645ccab045588f5632d92,3257155,VeraGraft&trade; mineralized cortical bone .25-1.0mm 0.25cc jar,DentalProX,3257155,sutures-surgical-products,https://www.safcodental.com/product/dentalprox-veragraft-trade-dental-powder,https://www.safcodental.com/product/dentalprox-veragraft-trade-dental-powder,28.99,USD,visible,,In stock,"Safe alternative to an autograft with no need for a second surgical site Osteoconductive Used for volumetric enhancement, space maintenance, and faster remodeling Sterile ground dental powder is available in cortical, cancellous and a cortical/cancellous mix.  Validated to a sterility assurance level (SAL) of 10(-6) in accordance with ISO 11137-2 Method 1.",{},"https://www.safcodental.com/media/catalog/product/p/f/pfwvg.jpg?width=265&height=265&canvas=265,265&optimize=medium&fit=bounds",,structured,2026-08-19T03:49:57.090705+00:00,07ccebd82183ab53
a8cc29d2a7834233b833310fa6d1bc29,3257156,VeraGraft&trade; mineralized cortical bone .25-1.0mm 0.5cc jar,DentalProX,3257156,sutures-surgical-products,https://www.safcodental.com/product/dentalprox-veragraft-trade-dental-powder,https://www.safcodental.com/product/dentalprox-veragraft-trade-dental-powder,49.99,USD,visible,,In stock,"Safe alternative to an autograft with no need for a second surgical site Osteoconductive Used for volumetric enhancement, space maintenance, and faster remodeling Sterile ground dental powder is available in cortical, cancellous and a cortical/cancellous mix.  Validated to a sterility assurance level (SAL) of 10(-6) in accordance with ISO 11137-2 Method 1.",{},"https://www.safcodental.com/media/catalog/product/p/f/pfwvg.jpg?width=265&height=265&canvas=265,265&optimize=medium&fit=bounds",,structured,2026-08-19T03:49:57.097777+00:00,1e4f5109d977703a
347a5e8b395b43bda7cc02d603d6a3e9,3257157,VeraFuse&trade; demineralized bone matrix putty 0.7cc,DentalProX,3257157,sutures-surgical-products,https://www.safcodental.com/product/dentalprox-veragraft-trade-dental-powder,https://www.safcodental.com/product/dentalprox-veragraft-trade-dental-powder,107.99,USD,visible,,In stock,"Safe alternative to an autograft with no need for a second surgical site Osteoconductive Used for volumetric enhancement, space maintenance, and faster remodeling Sterile ground dental powder is available in cortical, cancellous and a cortical/cancellous mix.  Validated to a sterility assurance level (SAL) of 10(-6) in accordance with ISO 11137-2 Method 1.",{},"https://www.safcodental.com/media/catalog/product/p/f/pfwvg.jpg?width=265&height=265&canvas=265,265&optimize=medium&fit=bounds",,structured,2026-08-19T03:49:57.104223+00:00,7856cbac57f6f6b8
1d6d5ff5549e4b3097ff43e3ce9d2fa3,3257158,VeraFuse&trade; demineralized bone matrix putty 1.0cc,DentalProX,3257158,sutures-surgical-products,https://www.safcodental.com/product/dentalprox-veragraft-trade-dental-powder,https://www.safcodental.com/product/dentalprox-veragraft-trade-dental-powder,135.99,USD,visible,,In stock,"Safe alternative to an autograft with no need for a second surgical site Osteoconductive Used for volumetric enhancement, space maintenance, and faster remodeling Sterile ground dental powder is available in cortical, cancellous and a cortical/cancellous mix.  Validated to a sterility assurance level (SAL) of 10(-6) in accordance with ISO 11137-2 Method 1.",{},"https://www.safcodental.com/media/catalog/product/p/f/pfwvg.jpg?width=265&height=265&canvas=265,265&optimize=medium&fit=bounds",,structured,2026-08-19T03:49:57.112493+00:00,234716d4262c94b1
62dc2b6b7a66490abaf544e4afc97924,3257159,VeraFuse&trade; demineralized bone matrix putty 2.5cc,DentalProX,3257159,sutures-surgical-products,https://www.safcodental.com/product/dentalprox-veragraft-trade-dental-powder,https://www.safcodental.com/product/dentalprox-veragraft-trade-dental-powder,309.49,USD,visible,,In stock,"Safe alternative to an autograft with no need for a second surgical site Osteoconductive Used for volumetric enhancement, space maintenance, and faster remodeling Sterile ground dental powder is available in cortical, cancellous and a cortical/cancellous mix.  Validated to a sterility assurance level (SAL) of 10(-6) in accordance with ISO 11137-2 Method 1.",{},"https://www.safcodental.com/media/catalog/product/p/f/pfwvg.jpg?width=265&height=265&canvas=265,265&optimize=medium&fit=bounds",,structured,2026-08-19T03:49:57.118704+00:00,735b243fec441af8
3fc85f330a414de2b40d6f24dedbf8c3,7570022,"GLASSVAN&reg; surgical blades carbon steel #12B,100/box",Myco Medical,7570022,sutures-surgical-products,https://www.safcodental.com/product/myco-medical-nbsp-glassvan-reg-scalpel-blades,https://www.safcodental.com/product/myco-medical-nbsp-glassvan-reg-scalpel-blades,26.49,USD,visible,100/box,In stock,"GLASSVAN® Surgical Blades have been trusted by users around the world for more than 25 years. Automated grinding and proprietary polishing process ensure consistent, clean, and sharp cutting edges Produced from high quality Swiss carbon steel Two VCI strips ensure product and packaging integrity and reduce risk of blade piercing the foil Manufactured in FDA-inspected facilities and conform to ISO-7740 and ISO-13485 Carbon steel and stainless-steel blades are available sterile in sizes 10-25, with select sizes also available non-sterile.",{},"https://www.safcodental.com/media/catalog/product/p/f/pflwr.jpg?width=265&height=265&canvas=265,265&optimize=medium&fit=bounds",,structured,2026-08-19T03:49:59.016869+00:00,f40af75666567928
2eba9ff122434a0a9255d838c06ce240,7570023,"GLASSVAN&reg; surgical blades carbon steel #15C,100/box",Myco Medical,7570023,sutures-surgical-products,https://www.safcodental.com/product/myco-medical-nbsp-glassvan-reg-scalpel-blades,https://www.safcodental.com/product/myco-medical-nbsp-glassvan-reg-scalpel-blades,24.99,USD,visible,100/box,In stock,"GLASSVAN® Surgical Blades have been trusted by users around the world for more than 25 years. Automated grinding and proprietary polishing process ensure consistent, clean, and sharp cutting edges Produced from high quality Swiss carbon steel Two VCI strips ensure product and packaging integrity and reduce risk of blade piercing the foil Manufactured in FDA-inspected facilities and conform to ISO-7740 and ISO-13485 Carbon steel and stainless-steel blades are available sterile in sizes 10-25, with select sizes also available non-sterile.",{},"https://www.safcodental.com/media/catalog/product/p/f/pflwr.jpg?width=265&height=265&canvas=265,265&optimize=medium&fit=bounds",,structured,2026-08-19T03:49:59.023177+00:00,a93415584ce3d430
d63f0e206aa045faacc6f3523d0e527c,7570024,"GLASSVAN&reg; surgical blades stainless steel #12,100/box",Myco Medical,7570024,sutures-surgical-products,https://www.safcodental.com/product/myco-medical-nbsp-glassvan-reg-scalpel-blades,https://www.safcodental.com/product/myco-medical-nbsp-glassvan-reg-scalpel-blades,35.49,USD,visible,100/box,In stock,"GLASSVAN® Surgical Blades have been trusted by users around the world for more than 25 years. Automated grinding and proprietary polishing process ensure consistent, clean, and sharp cutting edges Produced from high quality Swiss carbon steel Two VCI strips ensure product and packaging integrity and reduce risk of blade piercing the foil Manufactured in FDA-inspected facilities and conform to ISO-7740 and ISO-13485 Carbon steel and stainless-steel blades are available sterile in sizes 10-25, with select sizes also available non-sterile.",{},"https://www.safcodental.com/media/catalog/product/p/f/pflwr.jpg?width=265&height=265&canvas=265,265&optimize=medium&fit=bounds",,structured,2026-08-19T03:49:59.029806+00:00,c18e224d715d00df
8340306dfcf946cbb2eee928222d2b00,7570042,"GLASSVAN&reg; surgical blades carbon steel #15,100/box",Myco Medical,7570042,sutures-surgical-products,https://www.safcodental.com/product/myco-medical-nbsp-glassvan-reg-scalpel-blades,https://www.safcodental.com/product/myco-medical-nbsp-glassvan-reg-scalpel-blades,25.49,USD,visible,100/box,In stock,"GLASSVAN® Surgical Blades have been trusted by users around the world for more than 25 years. Automated grinding and proprietary polishing process ensure consistent, clean, and sharp cutting edges Produced from high quality Swiss carbon steel Two VCI strips ensure product and packaging integrity and reduce risk of blade piercing the foil Manufactured in FDA-inspected facilities and conform to ISO-7740 and ISO-13485 Carbon steel and stainless-steel blades are available sterile in sizes 10-25, with select sizes also available non-sterile.",{},"https://www.safcodental.com/media/catalog/product/p/f/pflwr.jpg?width=265&height=265&canvas=265,265&optimize=medium&fit=bounds",,structured,2026-08-19T03:49:59.037341+00:00,dd1098495678552f
ab82e11bcab74c73a0b0e84ed2055178,7570043,"GLASSVAN&reg; surgical blades stainless steel #11,100/box",Myco Medical,7570043,sutures-surgical-products,https://www.safcodental.com/product/myco-medical-nbsp-glassvan-reg-scalpel-blades,https://www.safcodental.com/product/myco-medical-nbsp-glassvan-reg-scalpel-blades,35.49,USD,visible,100/box,In stock,"GLASSVAN® Surgical Blades have been trusted by users around the world for more than 25 years. Automated grinding and proprietary polishing process ensure consistent, clean, and sharp cutting edges Produced from high quality Swiss carbon steel Two VCI strips ensure product and packaging integrity and reduce risk of blade piercing the foil Manufactured in FDA-inspected facilities and conform to ISO-7740 and ISO-13485 Carbon steel and stainless-steel blades are available sterile in sizes 10-25, with select sizes also available non-sterile.",{},"https://www.safcodental.com/media/catalog/product/p/f/pflwr.jpg?width=265&height=265&canvas=265,265&optimize=medium&fit=bounds",,structured,2026-08-19T03:49:59.044833+00:00,a6e2ef675d9d7bed
39f46061d3d34b6f94a39425e3d4804d,7570044,"GLASSVAN&reg; surgical blades stainless steel #15,100/box",Myco Medical,7570044,sutures-surgical-products,https://www.safcodental.com/product/myco-medical-nbsp-glassvan-reg-scalpel-blades,https://www.safcodental.com/product/myco-medical-nbsp-glassvan-reg-scalpel-blades,35.49,USD,visible,100/box,In stock,"GLASSVAN® Surgical Blades have been trusted by users around the world for more than 25 years. Automated grinding and proprietary polishing process ensure consistent, clean, and sharp cutting edges Produced from high quality Swiss carbon steel Two VCI strips ensure product and packaging integrity and reduce risk of blade piercing the foil Manufactured in FDA-inspected facilities and conform to ISO-7740 and ISO-13485 Carbon steel and stainless-steel blades are available sterile in sizes 10-25, with select sizes also available non-sterile.",{},"https://www.safcodental.com/media/catalog/product/p/f/pflwr.jpg?width=265&height=265&canvas=265,265&optimize=medium&fit=bounds",,structured,2026-08-19T03:49:59.052609+00:00,22e68e5015b7e76b
fd63b22482954ad49bcd34906f14f941,7570045,"GLASSVAN&reg; surgical blades stainless steel #15C,100/box",Myco Medical,7570045,sutures-surgical-products,https://www.safcodental.com/product/myco-medical-nbsp-glassvan-reg-scalpel-blades,https://www.safcodental.com/product/myco-medical-nbsp-glassvan-reg-scalpel-blades,35.49,USD,visible,100/box,In stock,"GLASSVAN® Surgical Blades have been trusted by users around the world for more than 25 years. Automated grinding and proprietary polishing process ensure consistent, clean, and sharp cutting edges Produced from high quality Swiss carbon steel Two VCI strips ensure product and packaging integrity and reduce risk of blade piercing the foil Manufactured in FDA-inspected facilities and conform to ISO-7740 and ISO-13485 Carbon steel and stainless-steel blades are available sterile in sizes 10-25, with select sizes also available non-sterile.",{},"https://www.safcodental.com/media/catalog/product/p/f/pflwr.jpg?width=265&height=265&canvas=265,265&optimize=medium&fit=bounds",,structured,2026-08-19T03:49:59.059564+00:00,8b589fda39bc3ac1
e693bcb49b0b4824b94d4453b43ef031,7570050,"GLASSVAN&reg; surgical blades carbon steel #10,100/box",Myco Medical,7570050,sutures-surgical-products,https://www.safcodental.com/product/myco-medical-nbsp-glassvan-reg-scalpel-blades,https://www.safcodental.com/product/myco-medical-nbsp-glassvan-reg-scalpel-blades,25.99,USD,visible,100/box,In stock,"GLASSVAN® Surgical Blades have been trusted by users around the world for more than 25 years. Automated grinding and proprietary polishing process ensure consistent, clean, and sharp cutting edges Produced from high quality Swiss carbon steel Two VCI strips ensure product and packaging integrity and reduce risk of blade piercing the foil Manufactured in FDA-inspected facilities and conform to ISO-7740 and ISO-13485 Carbon steel and stainless-steel blades are available sterile in sizes 10-25, with select sizes also available non-sterile.",{},"https://www.safcodental.com/media/catalog/product/p/f/pflwr.jpg?width=265&height=265&canvas=265,265&optimize=medium&fit=bounds",,structured,2026-08-19T03:49:59.066086+00:00,3860f6aa1970a325
b19b33117c3a4021a479e79035ca85a9,7570051,"GLASSVAN&reg; surgical blades carbon steel #11,100/box",Myco Medical,7570051,sutures-surgical-products,https://www.safcodental.com/product/myco-medical-nbsp-glassvan-reg-scalpel-blades,https://www.safcodental.com/product/myco-medical-nbsp-glassvan-reg-scalpel-blades,26.49,USD,visible,100/box,In stock,"GLASSVAN® Surgical Blades have been trusted by users around the world for more than 25 years. Automated grinding and proprietary polishing process ensure consistent, clean, and sharp cutting edges Produced from high quality Swiss carbon steel Two VCI strips ensure product and packaging integrity and reduce risk of blade piercing the foil Manufactured in FDA-inspected facilities and conform to ISO-7740 and ISO-13485 Carbon steel and stainless-steel blades are available sterile in sizes 10-25, with select sizes also available non-sterile.",{},"https://www.safcodental.com/media/catalog/product/p/f/pflwr.jpg?width=265&height=265&canvas=265,265&optimize=medium&fit=bounds",,structured,2026-08-19T03:49:59.073125+00:00,a1aafd09e0ceb3cd
8da6356dfa814ae4af557820a541abfe,7570052,"GLASSVAN&reg; surgical blades carbon steel #12,100/box",Myco Medical,7570052,sutures-surgical-products,https://www.safcodental.com/product/myco-medical-nbsp-glassvan-reg-scalpel-blades,https://www.safcodental.com/product/myco-medical-nbsp-glassvan-reg-scalpel-blades,26.49,USD,visible,100/box,In stock,"GLASSVAN® Surgical Blades have been trusted by users around the world for more than 25 years. Automated grinding and proprietary polishing process ensure consistent, clean, and sharp cutting edges Produced from high quality Swiss carbon steel Two VCI strips ensure product and packaging integrity and reduce risk of blade piercing the foil Manufactured in FDA-inspected facilities and conform to ISO-7740 and ISO-13485 Carbon steel and stainless-steel blades are available sterile in sizes 10-25, with select sizes also available non-sterile.",{},"https://www.safcodental.com/media/catalog/product/p/f/pflwr.jpg?width=265&height=265&canvas=265,265&optimize=medium&fit=bounds",,structured,2026-08-19T03:49:59.079820+00:00,74ca7e8feeb04bf8
784ae986f37d432aa00aa9c69913422e,7570053,"GLASSVAN&reg; surgical blades stainless steel #12B,100/box",Myco Medical,7570053,sutures-surgical-products,https://www.safcodental.com/product/myco-medical-nbsp-glassvan-reg-scalpel-blades,https://www.safcodental.com/product/myco-medical-nbsp-glassvan-reg-scalpel-blades,35.49,USD,visible,100/box,In stock,"GLASSVAN® Surgical Blades have been trusted by users around the world for more than 25 years. Automated grinding and proprietary polishing process ensure consistent, clean, and sharp cutting edges Produced from high quality Swiss carbon steel Two VCI strips ensure product and packaging integrity and reduce risk of blade piercing the foil Manufactured in FDA-inspected facilities and conform to ISO-7740 and ISO-13485 Carbon steel and stainless-steel blades are available sterile in sizes 10-25, with select sizes also available non-sterile.",{},"https://www.safcodental.com/media/catalog/product/p/f/pflwr.jpg?width=265&height=265&canvas=265,265&optimize=medium&fit=bounds",,structured,2026-08-19T03:49:59.088315+00:00,7cdddd0474f2de22
a09bb8b3d1a34e13bf93f577d4d84a23,3541630,R.T.R. membrane small (15mm x 20mm) 1/pkg,Septodont,3541630,sutures-surgical-products,https://www.safcodental.com/product/r-t-r-membrane,https://www.safcodental.com/product/r-t-r-membrane,108.99,USD,visible,1/pk,In stock,"Biocompatible Type I bovine Achilles tendon collagen. The absorbable, implantable material creates a barrier to protect PDL development from fast growing tissues. Supports wound stabilization and allows essential nutrients to pass through. Indicated for GTR procedures. Absorbable within 4-8 weeks. Appears white in the dry state; translucent and non-slippery when wet. Cut to size and shape.",{},"https://www.safcodental.com/media/catalog/product/p/f/pfwrx.jpg?width=265&height=265&canvas=265,265&optimize=medium&fit=bounds",,structured,2026-08-19T03:50:01.036321+00:00,129d9d5bee46b402
3252a657ff994650851944b5bdca3d79,3541632,R.T.R. membrane medium (20mm x 30mm) 1/pkg,Septodont,3541632,sutures-surgical-products,https://www.safcodental.com/product/r-t-r-membrane,https://www.safcodental.com/product/r-t-r-membrane,129.99,USD,visible,1/pk,In stock,"Biocompatible Type I bovine Achilles tendon collagen. The absorbable, implantable material creates a barrier to protect PDL development from fast growing tissues. Supports wound stabilization and allows essential nutrients to pass through. Indicated for GTR procedures. Absorbable within 4-8 weeks. Appears white in the dry state; translucent and non-slippery when wet. Cut to size and shape.",{},"https://www.safcodental.com/media/catalog/product/p/f/pfwrx.jpg?width=265&height=265&canvas=265,265&optimize=medium&fit=bounds",,structured,2026-08-19T03:50:01.042900+00:00,34e50c4a20fcf4c0
37158d232efa484ab10d0c1784e57d98,4605716,Soft Tissue Trimmer regular 1/pk,Kerr Rotary,4605716,sutures-surgical-products,https://www.safcodental.com/product/soft-tissue-trimmer,https://www.safcodental.com/product/soft-tissue-trimmer,144.99,USD,visible,1/pk,In stock,FG bur designed for soft tissue surgery. Can be used as an alternative to electrosurgery and surgical blades; functions as a rotating scalpel for soft tissue that promotes coagulation for minimal bleeding. Biocompatible hard oxide point cuts tissue without burning. Autoclavable.,{},"https://www.safcodental.com/media/catalog/product/p/f/pflwh.jpg?width=265&height=265&canvas=265,265&optimize=medium&fit=bounds",,structured,2026-08-19T03:50:03.037692+00:00,9d5d2e6c72fb9e8a
e2ec88d1384d432da19a67467137b5dd,4605738,Soft Tissue Trimmer long 1/pk,Kerr Rotary,4605738,sutures-surgical-products,https://www.safcodental.com/product/soft-tissue-trimmer,https://www.safcodental.com/product/soft-tissue-trimmer,144.99,USD,visible,1/pk,In stock,FG bur designed for soft tissue surgery. Can be used as an alternative to electrosurgery and surgical blades; functions as a rotating scalpel for soft tissue that promotes coagulation for minimal bleeding. Biocompatible hard oxide point cuts tissue without burning. Autoclavable.,{},"https://www.safcodental.com/media/catalog/product/p/f/pflwh.jpg?width=265&height=265&canvas=265,265&optimize=medium&fit=bounds",,structured,2026-08-19T03:50:03.043639+00:00,3036ec768d974d42
22b05c8581ad4c809bccfcfb5cb73dbd,3541626,"R.T.R.+ 80/20 formulation, 0.5cc syringe",Septodont,3541626,sutures-surgical-products,https://www.safcodental.com/product/r-t-r-syringe,https://www.safcodental.com/product/r-t-r-syringe,152.99,USD,visible,,In stock,"Sterile and fully resorbable synthetic bone grafting material. Ideal osteogenic matrix mimics human bone. Available in 2 biphasic β-TCP (β-Tricalcium phosphate) / Hydroxyapatite formulations: 40%/60%: New bone formation gradually forms at the same pace as natural bone. 80%/20%: New natural bone will generate at an accelerated pace. Indications include: post-extraction socket preservation, periodontal defects, infrabony defects, peri-implant defects, sinus lift, ridge augmentation, and cystic cavities.",{},"https://www.safcodental.com/media/catalog/product/p/f/pfwru.jpg?width=265&height=265&canvas=265,265&optimize=medium&fit=bounds",,structured,2026-08-19T03:50:05.058387+00:00,c443120469e5e37e
6b96581450ad4de2aa2c9004e35a03b4,3541627,"R.T.R.+ 40/60 formulation, 0.5cc syringe",Septodont,3541627,sutures-surgical-products,https://www.safcodental.com/product/r-t-r-syringe,https://www.safcodental.com/product/r-t-r-syringe,152.99,USD,visible,,In stock,"Sterile and fully resorbable synthetic bone grafting material. Ideal osteogenic matrix mimics human bone. Available in 2 biphasic β-TCP (β-Tricalcium phosphate) / Hydroxyapatite formulations: 40%/60%: New bone formation gradually forms at the same pace as natural bone. 80%/20%: New natural bone will generate at an accelerated pace. Indications include: post-extraction socket preservation, periodontal defects, infrabony defects, peri-implant defects, sinus lift, ridge augmentation, and cystic cavities.",{},"https://www.safcodental.com/media/catalog/product/p/f/pfwru.jpg?width=265&height=265&canvas=265,265&optimize=medium&fit=bounds",,structured,2026-08-19T03:50:05.066175+00:00,5065223f5788f1b7
d461c9a7f829416c8b5b018851f01859,3274478,#15 Safety Scalpels 10/pkg.,Integra Miltex,3274478,sutures-surgical-products,https://www.safcodental.com/product/safety-scalpels,https://www.safcodental.com/product/safety-scalpels,38.49,USD,visible,10/pk,In stock,"Retractable blade scalpel offers ultimate safety. Sterile Stainless steel, razor-sharp cutting edge. Advance blade with slider in one motion. Blade locks into place with audible confirmation. Retract with one motion to protected position. Metric ruler on each scalpel. Individually packaged.  ",{},"https://www.safcodental.com/media/catalog/product/p/f/pflvz.jpg?width=265&height=265&canvas=265,265&optimize=medium&fit=bounds",,structured,2026-08-19T03:50:07.038258+00:00,a3945ca925a592e7
be0aaf6280e74897859f5289f1072a7b,3274479,#15C Safety Scalpels 10/pkg.,Integra Miltex,3274479,sutures-surgical-products,https://www.safcodental.com/product/safety-scalpels,https://www.safcodental.com/product/safety-scalpels,38.49,USD,visible,10/pk,In stock,"Retractable blade scalpel offers ultimate safety. Sterile Stainless steel, razor-sharp cutting edge. Advance blade with slider in one motion. Blade locks into place with audible confirmation. Retract with one motion to protected position. Metric ruler on each scalpel. Individually packaged.  ",{},"https://www.safcodental.com/media/catalog/product/p/f/pflvz.jpg?width=265&height=265&canvas=265,265&optimize=medium&fit=bounds",,structured,2026-08-19T03:50:07.045985+00:00,bd0adbf4545151ab
5566fcf46edb4e9f954376b9a21e8b75,6130070,"Regenafill Bone Graft Plug posterior 10mm x 20mm, 5/pack",Surgical Esthetics,6130070,sutures-surgical-products,https://www.safcodental.com/product/regenafill-sup-trade-sup-bone-graft-plug,https://www.safcodental.com/product/regenafill-sup-trade-sup-bone-graft-plug,259.99,USD,visible,5/pack,In stock,"Composed of 80% carbonate phosphate based mineral with a carbonate apatite structure combined with 20% Type I Achilles bovine tendon collagen. This mineral is physically and chemically comparable to the mineralized matrix of human bone, which makes it an excellent choice for socket preservation. No membrane needed in most cases.   Intended for use in dental surgery including: • Augmentation or reconstructive treatment of the alveolar ridge.• Filling of infrabony periodontal defects.• Filling of defects after root resection, apicoectomy, and cystectomy.• Filling of extraction sockets to enhance preservation of alveolar ridge.• Elevation of the maxillary sinus floor.• Filling of periodontal defects in conjunction with GTR. • Filling of peri-implant defects in conjunction with GBR.",{},"https://www.safcodental.com/media/catalog/product/p/f/pfwrl.jpg?width=265&height=265&canvas=265,265&optimize=medium&fit=bounds",,structured,2026-08-19T03:50:09.065893+00:00,33326edcacedbfcc
76cb2261494f49c6bfc70bc909f79061,6130072,"Regenafill Bone Graft Plug anterior 6mm x 25mm, 5/pack",Surgical Esthetics,6130072,sutures-surgical-products,https://www.safcodental.com/product/regenafill-sup-trade-sup-bone-graft-plug,https://www.safcodental.com/product/regenafill-sup-trade-sup-bone-graft-plug,259.99,USD,visible,5/pack,In stock,"Composed of 80% carbonate phosphate based mineral with a carbonate apatite structure combined with 20% Type I Achilles bovine tendon collagen. This mineral is physically and chemically comparable to the mineralized matrix of human bone, which makes it an excellent choice for socket preservation. No membrane needed in most cases.   Intended for use in dental surgery including: • Augmentation or reconstructive treatment of the alveolar ridge.• Filling of infrabony periodontal defects.• Filling of defects after root resection, apicoectomy, and cystectomy.• Filling of extraction sockets to enhance preservation of alveolar ridge.• Elevation of the maxillary sinus floor.• Filling of periodontal defects in conjunction with GTR. • Filling of peri-implant defects in conjunction with GBR.",{},"https://www.safcodental.com/media/catalog/product/p/f/pfwrl.jpg?width=265&height=265&canvas=265,265&optimize=medium&fit=bounds",,structured,2026-08-19T03:50:09.072150+00:00,5f8eb27bd8b2fa0d
1e1d2a12d8ad4c6d806e3f61f98bbe3d,3435243,390C Feather Microsurgical Blade 10/box,J. Morita,3435243,sutures-surgical-products,https://www.safcodental.com/product/feather-sup-reg-nbsp-sup-microsurgical-blades,https://www.safcodental.com/product/feather-sup-reg-nbsp-sup-microsurgical-blades,89.99,USD,visible,10/box,In stock,"Advanced instrument system of interchangeable blades and handles. Ultra-sharp, retains cutting efficiency. Ideal for microsurgery & use with a microscope. Optimal shapes & blade thickness. Small tips for surgical precision. Variety of applications including periodontal & regenerative surgery. Multiple handle designs. Made of high-quality stainless steel All blades are gamma-sterilized and can be used immediately after opening the package. ",{},"https://www.safcodental.com/media/catalog/product/p/f/pflvv.jpg?width=265&height=265&canvas=265,265&optimize=medium&fit=bounds",,structured,2026-08-19T03:50:11.069507+00:00,b4e57841ade0241a
859157beca7a401da0c366043d9359c2,3435263,390 Feather Microsurgical Blade 10/box,J. Morita,3435263,sutures-surgical-products,https://www.safcodental.com/product/feather-sup-reg-nbsp-sup-microsurgical-blades,https://www.safcodental.com/product/feather-sup-reg-nbsp-sup-microsurgical-blades,89.99,USD,visible,10/box,In stock,"Advanced instrument system of interchangeable blades and handles. Ultra-sharp, retains cutting efficiency. Ideal for microsurgery & use with a microscope. Optimal shapes & blade thickness. Small tips for surgical precision. Variety of applications including periodontal & regenerative surgery. Multiple handle designs. Made of high-quality stainless steel All blades are gamma-sterilized and can be used immediately after opening the package. ",{},"https://www.safcodental.com/media/catalog/product/p/f/pflvv.jpg?width=265&height=265&canvas=265,265&optimize=medium&fit=bounds",,structured,2026-08-19T03:50:11.075933+00:00,e0304ec8120867af
e5cf4a48864245d4b8d620e57e0eca4c,3435264,391 Feather Microsurgical Blade 10/box,J. Morita,3435264,sutures-surgical-products,https://www.safcodental.com/product/feather-sup-reg-nbsp-sup-microsurgical-blades,https://www.safcodental.com/product/feather-sup-reg-nbsp-sup-microsurgical-blades,89.99,USD,visible,10/box,In stock,"Advanced instrument system of interchangeable blades and handles. Ultra-sharp, retains cutting efficiency. Ideal for microsurgery & use with a microscope. Optimal shapes & blade thickness. Small tips for surgical precision. Variety of applications including periodontal & regenerative surgery. Multiple handle designs. Made of high-quality stainless steel All blades are gamma-sterilized and can be used immediately after opening the package. ",{},"https://www.safcodental.com/media/catalog/product/p/f/pflvv.jpg?width=265&height=265&canvas=265,265&optimize=medium&fit=bounds",,structured,2026-08-19T03:50:11.081909+00:00,485cca8d1b751af9
5b0db831cbdb40e6a459fcd36c41c3d0,3435265,350 Feather Microsurgical Blade 10/box,J. Morita,3435265,sutures-surgical-products,https://www.safcodental.com/product/feather-sup-reg-nbsp-sup-microsurgical-blades,https://www.safcodental.com/product/feather-sup-reg-nbsp-sup-microsurgical-blades,89.99,USD,visible,10/box,In stock,"Advanced instrument system of interchangeable blades and handles. Ultra-sharp, retains cutting efficiency. Ideal for microsurgery & use with a microscope. Optimal shapes & blade thickness. Small tips for surgical precision. Variety of applications including periodontal & regenerative surgery. Multiple handle designs. Made of high-quality stainless steel All blades are gamma-sterilized and can be used immediately after opening the package. ",{},"https://www.safcodental.com/media/catalog/product/p/f/pflvv.jpg?width=265&height=265&canvas=265,265&optimize=medium&fit=bounds",,structured,2026-08-19T03:50:11.087834+00:00,3b2e520af0251ad3
2dff4eceb2494668a169a0549fcef776,2580512,Surgifoam sponges 2cm x 6cm x 0.7cm 12/box,Ethicon,2580512,sutures-surgical-products,https://www.safcodental.com/product/surgifoam-reg,https://www.safcodental.com/product/surgifoam-reg,214.49,USD,visible,12/box,In stock,"Sterile, water insoluble, malleable porcine gelatin absorbable sponge, intended for hemostatic use by applying to a bleeding surface.",{},"https://www.safcodental.com/media/catalog/product/p/f/pfpjk.jpg?width=265&height=265&canvas=265,265&optimize=medium&fit=bounds",,structured,2026-08-19T03:50:13.063929+00:00,83a4d496ec293f1e
b730c7c0367c4ab488dce5b644519f8e,2580524,Surgifoam sponges 1cm x 1cm x 1cm 24/box,Ethicon,2580524,sutures-surgical-products,https://www.safcodental.com/product/surgifoam-reg,https://www.safcodental.com/product/surgifoam-reg,251.99,USD,visible,24/box,In stock,"Sterile, water insoluble, malleable porcine gelatin absorbable sponge, intended for hemostatic use by applying to a bleeding surface.",{},"https://www.safcodental.com/media/catalog/product/p/f/pfpjk.jpg?width=265&height=265&canvas=265,265&optimize=medium&fit=bounds",,structured,2026-08-19T03:50:13.069660+00:00,400ddf33b6aa5ca6
e51220d9e1ac4880a218252487419b22,6130102,Ossify Cortical Bone Sheet 15x20mm,Surgical Esthetics,6130102,sutures-surgical-products,https://www.safcodental.com/product/ossify-sup-reg-sup-cortical-bone-sheet,https://www.safcodental.com/product/ossify-sup-reg-sup-cortical-bone-sheet,149.49,USD,visible,,In stock,"Ossify Bone Sheet is 100% laminar cortical bone that has been demineralized, which makes it flexible allowing it to be contoured, molded and trimmed. This enables it to be used as a membrane and can be screwed, tacked or sutured into place. It can be placed alone or in combination with particulate allograft to regenerate larger defects. It comes pre-hydrated and ready to use.    ",{},"https://www.safcodental.com/media/catalog/product/p/f/pfwrg.jpg?width=265&height=265&canvas=265,265&optimize=medium&fit=bounds",,structured,2026-08-19T03:50:15.062735+00:00,e2ed2d50cc0e3904
8d169f187aac4d0dbb3e03277c62aa28,6130104,Ossify Cortical Bone Sheet 20x30mm,Surgical Esthetics,6130104,sutures-surgical-products,https://www.safcodental.com/product/ossify-sup-reg-sup-cortical-bone-sheet,https://www.safcodental.com/product/ossify-sup-reg-sup-cortical-bone-sheet,260.99,USD,visible,,In stock,"Ossify Bone Sheet is 100% laminar cortical bone that has been demineralized, which makes it flexible allowing it to be contoured, molded and trimmed. This enables it to be used as a membrane and can be screwed, tacked or sutured into place. It can be placed alone or in combination with particulate allograft to regenerate larger defects. It comes pre-hydrated and ready to use.    ",{},"https://www.safcodental.com/media/catalog/product/p/f/pfwrg.jpg?width=265&height=265&canvas=265,265&optimize=medium&fit=bounds",,structured,2026-08-19T03:50:15.068597+00:00,93af363e13762c13
6bfed910f04444bfbe2196de89f1723e,3274102,disposable scalpel #10 10/box,Integra Miltex,3274102,sutures-surgical-products,https://www.safcodental.com/product/disposable-scalpels-integra-miltex,https://www.safcodental.com/product/disposable-scalpels-integra-miltex,19.49,USD,visible,10/box,In stock,Sterile disposable scalpel; plastic handle with a stainless steel blade. Razor sharp for superior cutting and a clean incision.,{},"https://www.safcodental.com/media/catalog/product/p/f/pflun.jpg?width=265&height=265&canvas=265,265&optimize=medium&fit=bounds",,structured,2026-08-19T03:50:17.064939+00:00,8e0cbf66403dc924
eb441a4a7d1c4b728a3f75b580ff65f1,3274104,disposable scalpel #11 10/box,Integra Miltex,3274104,sutures-surgical-products,https://www.safcodental.com/product/disposable-scalpels-integra-miltex,https://www.safcodental.com/product/disposable-scalpels-integra-miltex,19.49,USD,visible,10/box,In stock,Sterile disposable scalpel; plastic handle with a stainless steel blade. Razor sharp for superior cutting and a clean incision.,{},"https://www.safcodental.com/media/catalog/product/p/f/pflun.jpg?width=265&height=265&canvas=265,265&optimize=medium&fit=bounds",,structured,2026-08-19T03:50:17.071782+00:00,cdff6b5c6ed0f005
4d9939c975444b36912de1deb4b75cac,3274106,disposable scalpel #12 10/box,Integra Miltex,3274106,sutures-surgical-products,https://www.safcodental.com/product/disposable-scalpels-integra-miltex,https://www.safcodental.com/product/disposable-scalpels-integra-miltex,19.49,USD,visible,10/box,In stock,Sterile disposable scalpel; plastic handle with a stainless steel blade. Razor sharp for superior cutting and a clean incision.,{},"https://www.safcodental.com/media/catalog/product/p/f/pflun.jpg?width=265&height=265&canvas=265,265&optimize=medium&fit=bounds",,structured,2026-08-19T03:50:17.077988+00:00,8b6e707c2a09589c
834750df664b45b48064a8108ece332d,3274108,disposable scalpel #15 10/box,Integra Miltex,3274108,sutures-surgical-products,https://www.safcodental.com/product/disposable-scalpels-integra-miltex,https://www.safcodental.com/product/disposable-scalpels-integra-miltex,19.49,USD,visible,10/box,In stock,Sterile disposable scalpel; plastic handle with a stainless steel blade. Razor sharp for superior cutting and a clean incision.,{},"https://www.safcodental.com/media/catalog/product/p/f/pflun.jpg?width=265&height=265&canvas=265,265&optimize=medium&fit=bounds",,structured,2026-08-19T03:50:17.085740+00:00,6c63b78730375897
315733aa29e14e56b07aa1c1064ac063,2580213,"Surgicel ��"" x 2"" sterile packets 12/box",Ethicon,2580213,sutures-surgical-products,https://www.safcodental.com/product/surgicel-reg,https://www.safcodental.com/product/surgicel-reg,1118.99,USD,visible,12/box,In stock,"Sterile, shear-weave, absorbable hemostat used to control bleeding in tooth extractions and oral surgery. Produced from oxidized regenerated cellulose to ensure purity and consistency. Fully absorbable within 7-14 days. Strong yet flexible and malleable to conform to irregular surfaces; may be folded or cut to size.",{},"https://www.safcodental.com/media/catalog/product/p/f/pfphj.jpg?width=265&height=265&canvas=265,265&optimize=medium&fit=bounds",,structured,2026-08-19T03:50:19.093174+00:00,d9f426e29b83dedd
7e332d59bdb149499fac1529906d6e16,6130089,Ossify DBM Cortical Fiber Bone Graft 0.5cc jar,Surgical Esthetics,6130089,sutures-surgical-products,https://www.safcodental.com/product/ossify-sup-reg-sup-dbm-cortical-fiber-bone-graft,https://www.safcodental.com/product/ossify-sup-reg-sup-dbm-cortical-fiber-bone-graft,121.49,USD,visible,,In stock,"Ossify DBM Fiber is a next generation bone allograft composed of interwoven demineralized cortical bone fibers. It is configured both by itself and with the addition of 1-1.5mm mineralized cancellous particles. This unique allograft provides an ideal scaffold for bone formation with its extremely high surface area and its optimum shape conforming properties, making it highly osteoconductive. In addition, it has great osteoinductive potential due to the specialized demineralized process. The graft hydrates very uniformly with PRP, blood or saline for maximum handling. It can be used in a variety of surgical applications, including socket grafting, GBR, sinus augmentation, and other bone grafting procedures.",{},"https://www.safcodental.com/media/catalog/product/p/f/pfwrf.jpg?width=265&height=265&canvas=265,265&optimize=medium&fit=bounds",,structured,2026-08-19T03:50:21.078388+00:00,b63ac6adb8e810c7
4817c666e8a946419e22773dcb13207a,6130091,Ossify DBM Cortical Fiber Bone Graft 1cc jar,Surgical Esthetics,6130091,sutures-surgical-products,https://www.safcodental.com/product/ossify-sup-reg-sup-dbm-cortical-fiber-bone-graft,https://www.safcodental.com/product/ossify-sup-reg-sup-dbm-cortical-fiber-bone-graft,182.49,USD,visible,,In stock,"Ossify DBM Fiber is a next generation bone allograft composed of interwoven demineralized cortical bone fibers. It is configured both by itself and with the addition of 1-1.5mm mineralized cancellous particles. This unique allograft provides an ideal scaffold for bone formation with its extremely high surface area and its optimum shape conforming properties, making it highly osteoconductive. In addition, it has great osteoinductive potential due to the specialized demineralized process. The graft hydrates very uniformly with PRP, blood or saline for maximum handling. It can be used in a variety of surgical applications, including socket grafting, GBR, sinus augmentation, and other bone grafting procedures.",{},"https://www.safcodental.com/media/catalog/product/p/f/pfwrf.jpg?width=265&height=265&canvas=265,265&optimize=medium&fit=bounds",,structured,2026-08-19T03:50:21.085944+00:00,55a750ecf96aa522
eea70d48a4364f9e89a07d5120381dce,6130093,Ossify DBM Cortical Fiber Bone Graft 2cc jar,Surgical Esthetics,6130093,sutures-surgical-products,https://www.safcodental.com/product/ossify-sup-reg-sup-dbm-cortical-fiber-bone-graft,https://www.safcodental.com/product/ossify-sup-reg-sup-dbm-cortical-fiber-bone-graft,279.49,USD,visible,,In stock,"Ossify DBM Fiber is a next generation bone allograft composed of interwoven demineralized cortical bone fibers. It is configured both by itself and with the addition of 1-1.5mm mineralized cancellous particles. This unique allograft provides an ideal scaffold for bone formation with its extremely high surface area and its optimum shape conforming properties, making it highly osteoconductive. In addition, it has great osteoinductive potential due to the specialized demineralized process. The graft hydrates very uniformly with PRP, blood or saline for maximum handling. It can be used in a variety of surgical applications, including socket grafting, GBR, sinus augmentation, and other bone grafting procedures.",{},"https://www.safcodental.com/media/catalog/product/p/f/pfwrf.jpg?width=265&height=265&canvas=265,265&optimize=medium&fit=bounds",,structured,2026-08-19T03:50:21.092744+00:00,20a948616cadb152
32b9965b3c014fa7bb672e34cdd94441,6130095,Ossify DBM Cortical Fiber Bone Graft with 1-1.5mm chips 0.5cc jar,Surgical Esthetics,6130095,sutures-surgical-products,https://www.safcodental.com/product/ossify-sup-reg-sup-dbm-cortical-fiber-bone-graft,https://www.safcodental.com/product/ossify-sup-reg-sup-dbm-cortical-fiber-bone-graft,130.49,USD,visible,,In stock,"Ossify DBM Fiber is a next generation bone allograft composed of interwoven demineralized cortical bone fibers. It is configured both by itself and with the addition of 1-1.5mm mineralized cancellous particles. This unique allograft provides an ideal scaffold for bone formation with its extremely high surface area and its optimum shape conforming properties, making it highly osteoconductive. In addition, it has great osteoinductive potential due to the specialized demineralized process. The graft hydrates very uniformly with PRP, blood or saline for maximum handling. It can be used in a variety of surgical applications, including socket grafting, GBR, sinus augmentation, and other bone grafting procedures.",{},"https://www.safcodental.com/media/catalog/product/p/f/pfwrf.jpg?width=265&height=265&canvas=265,265&optimize=medium&fit=bounds",,structured,2026-08-19T03:50:21.099301+00:00,c0aa0a6705b9514c
bbd272a4fd7e4f7398ea57cad07ab855,6130097,Ossify DBM Cortical Fiber Bone Graft with 1-1.5mm chips 1cc jar,Surgical Esthetics,6130097,sutures-surgical-products,https://www.safcodental.com/product/ossify-sup-reg-sup-dbm-cortical-fiber-bone-graft,https://www.safcodental.com/product/ossify-sup-reg-sup-dbm-cortical-fiber-bone-graft,191.99,USD,visible,,In stock,"Ossify DBM Fiber is a next generation bone allograft composed of interwoven demineralized cortical bone fibers. It is configured both by itself and with the addition of 1-1.5mm mineralized cancellous particles. This unique allograft provides an ideal scaffold for bone formation with its extremely high surface area and its optimum shape conforming properties, making it highly osteoconductive. In addition, it has great osteoinductive potential due to the specialized demineralized process. The graft hydrates very uniformly with PRP, blood or saline for maximum handling. It can be used in a variety of surgical applications, including socket grafting, GBR, sinus augmentation, and other bone grafting procedures.",{},"https://www.safcodental.com/media/catalog/product/p/f/pfwrf.jpg?width=265&height=265&canvas=265,265&optimize=medium&fit=bounds",,structured,2026-08-19T03:50:21.107767+00:00,0e297f75bf00dc88
cbdd127f28a745bcbf5f4f891f2c4333,6130099,Ossify DBM Cortical Fiber Bone Graft with 1-1.5mm chips 2cc jar,Surgical Esthetics,6130099,sutures-surgical-products,https://www.safcodental.com/product/ossify-sup-reg-sup-dbm-cortical-fiber-bone-graft,https://www.safcodental.com/product/ossify-sup-reg-sup-dbm-cortical-fiber-bone-graft,307.49,USD,visible,,In stock,"Ossify DBM Fiber is a next generation bone allograft composed of interwoven demineralized cortical bone fibers. It is configured both by itself and with the addition of 1-1.5mm mineralized cancellous particles. This unique allograft provides an ideal scaffold for bone formation with its extremely high surface area and its optimum shape conforming properties, making it highly osteoconductive. In addition, it has great osteoinductive potential due to the specialized demineralized process. The graft hydrates very uniformly with PRP, blood or saline for maximum handling. It can be used in a variety of surgical applications, including socket grafting, GBR, sinus augmentation, and other bone grafting procedures.",{},"https://www.safcodental.com/media/catalog/product/p/f/pfwrf.jpg?width=265&height=265&canvas=265,265&optimize=medium&fit=bounds",,structured,2026-08-19T03:50:21.115690+00:00,1a7dd4ba9dabad08
63b4272b0e4a44058b76e9f4b42bce3b,3381410,disposable scalpel #10 10/box,Bard-Parker,3381410,sutures-surgical-products,https://www.safcodental.com/product/disposable-scalpels-bard-parker-bd,https://www.safcodental.com/product/disposable-scalpels-bard-parker-bd,18.99,USD,visible,10/box,In stock,"Sterile disposable scalpel with a stainless steel blade. Intended for tissue separation, and other procedures that require a sharp surgical blade to puncture or cut. Offers the superior cutting advantages of stainless steel technology. Consistent sharpness, control and strength. Uniquely packaged for safety and ease of use. Sterile. Not made with natural rubber latex",{},"https://www.safcodental.com/media/catalog/product/p/f/pflug.jpg?width=265&height=265&canvas=265,265&optimize=medium&fit=bounds",,structured,2026-08-19T03:50:23.081639+00:00,2e3825d305c0c993
0d15a38b7b80477eb0c7e5e1ec189fc1,3381422,disposable scalpel #11 10/box,Bard-Parker,3381422,sutures-surgical-products,https://www.safcodental.com/product/disposable-scalpels-bard-parker-bd,https://www.safcodental.com/product/disposable-scalpels-bard-parker-bd,18.99,USD,visible,10/box,In stock,"Sterile disposable scalpel with a stainless steel blade. Intended for tissue separation, and other procedures that require a sharp surgical blade to puncture or cut. Offers the superior cutting advantages of stainless steel technology. Consistent sharpness, control and strength. Uniquely packaged for safety and ease of use. Sterile. Not made with natural rubber latex",{},"https://www.safcodental.com/media/catalog/product/p/f/pflug.jpg?width=265&height=265&canvas=265,265&optimize=medium&fit=bounds",,structured,2026-08-19T03:50:23.087529+00:00,5d7d985af904adb0
b4fea7a9643f41beadc6c71c6e9bbdb8,3381458,disposable scalpel #12 10/box,Bard-Parker,3381458,sutures-surgical-products,https://www.safcodental.com/product/disposable-scalpels-bard-parker-bd,https://www.safcodental.com/product/disposable-scalpels-bard-parker-bd,56.99,USD,visible,10/box,In stock,"Sterile disposable scalpel with a stainless steel blade. Intended for tissue separation, and other procedures that require a sharp surgical blade to puncture or cut. Offers the superior cutting advantages of stainless steel technology. Consistent sharpness, control and strength. Uniquely packaged for safety and ease of use. Sterile. Not made with natural rubber latex",{},"https://www.safcodental.com/media/catalog/product/p/f/pflug.jpg?width=265&height=265&canvas=265,265&optimize=medium&fit=bounds",,structured,2026-08-19T03:50:23.093835+00:00,1b30c96143c5afc8
040d2a0bc6f54bc18fa9abc9438cc439,5130082,Ossify Min/Demin Cortical Cancellous bone graft 1cc jar,Surgical Esthetics,5130082,sutures-surgical-products,https://www.safcodental.com/product/ossify-sup-reg-sup-min-demin-cortical-cancellous-bone-graft,https://www.safcodental.com/product/ossify-sup-reg-sup-min-demin-cortical-cancellous-bone-graft,102.99,USD,visible,,In stock,"Ossify Min/Demin Cortical Cancellous Bone Allograft is a versatile, all-in-one bone graft designed to promote optimal bone regeneration across a wide range of clinical applications. Composed of a 50/50 blend of cortical and cancellous bone, the graft features 30% demineralized bone, leaving 70% of the material mineralized. This unique formulation enhances both osteoconductive and osteoinductive properties, supporting superior bone healing. Suitable for a variety of bone regeneration procedures, including socket grafting, ridge preservation, guided bone regeneration (GBR), and sinus augmentation. 0.5 – 1.0mm particle size. ",{},"https://www.safcodental.com/media/catalog/product/p/f/pfwre.jpg?width=265&height=265&canvas=265,265&optimize=medium&fit=bounds",,structured,2026-08-19T03:51:07.230736+00:00,3ca2afb6759d31d7
218e6813dc36445ca2091ba5a747131d,5130084,Ossify Min/Demin Cortical Cancellous bone graft 2cc jar,Surgical Esthetics,5130084,sutures-surgical-products,https://www.safcodental.com/product/ossify-sup-reg-sup-min-demin-cortical-cancellous-bone-graft,https://www.safcodental.com/product/ossify-sup-reg-sup-min-demin-cortical-cancellous-bone-graft,158.99,USD,visible,,In stock,"Ossify Min/Demin Cortical Cancellous Bone Allograft is a versatile, all-in-one bone graft designed to promote optimal bone regeneration across a wide range of clinical applications. Composed of a 50/50 blend of cortical and cancellous bone, the graft features 30% demineralized bone, leaving 70% of the material mineralized. This unique formulation enhances both osteoconductive and osteoinductive properties, supporting superior bone healing. Suitable for a variety of bone regeneration procedures, including socket grafting, ridge preservation, guided bone regeneration (GBR), and sinus augmentation. 0.5 – 1.0mm particle size. ",{},"https://www.safcodental.com/media/catalog/product/p/f/pfwre.jpg?width=265&height=265&canvas=265,265&optimize=medium&fit=bounds",,structured,2026-08-19T03:51:07.236801+00:00,0f2fe560cecd42ed
c135b8582f9d4d2b981eb1ba0d93d938,6130080,Ossify Min/Demin Cortical Cancellous bone graft 0.5cc jar,Surgical Esthetics,6130080,sutures-surgical-products,https://www.safcodental.com/product/ossify-sup-reg-sup-min-demin-cortical-cancellous-bone-graft,https://www.safcodental.com/product/ossify-sup-reg-sup-min-demin-cortical-cancellous-bone-graft,79.99,USD,visible,,In stock,"Ossify Min/Demin Cortical Cancellous Bone Allograft is a versatile, all-in-one bone graft designed to promote optimal bone regeneration across a wide range of clinical applications. Composed of a 50/50 blend of cortical and cancellous bone, the graft features 30% demineralized bone, leaving 70% of the material mineralized. This unique formulation enhances both osteoconductive and osteoinductive properties, supporting superior bone healing. Suitable for a variety of bone regeneration procedures, including socket grafting, ridge preservation, guided bone regeneration (GBR), and sinus augmentation. 0.5 – 1.0mm particle size. ",{},"https://www.safcodental.com/media/catalog/product/p/f/pfwre.jpg?width=265&height=265&canvas=265,265&optimize=medium&fit=bounds",,structured,2026-08-19T03:51:07.244261+00:00,55626e7ba359a985
3cf28ca3c89c4b56b8cf58862ee67f14,6130001,Mineralized cancellous bone .25-1.0mm .5cc jar,Surgical Esthetics,6130001,sutures-surgical-products,https://www.safcodental.com/product/ossif-i-sem-trade,https://www.safcodental.com/product/ossif-i-sem-trade,71.49,USD,visible,,In stock,"Mineralized cancellous bone allograft Ideal for filling periodontal defects, extraction sockets, apicoectomy and root-resection. Can be used in conjunction with placement of dental implants. Double-sterile packaged jars can be taken directly to the sterile surgical site; material does not need to be transferred to another container. Mineralized cortical/cancellous bone allograftExcellent osteoconductive scaffold used in a variety of surgical procedures, including: extraction socket grafting, implant placement, osseous ridge repair, and sinus augmentations. Outstanding inner porosity and surface area, promotes clot formation and consistent, stable ossification and space maintenance. Double-sterile packaged jars; material does not need to be transferred to another container. Demineralized cancellous bone allograft sponge stripsPliable and resilient sponge matrix that can be adapted to numerous clinical needs including horizontal or vertical ridge augmentation, extraction sockets, recession defects, and can be used in conjunction with the placement of dental implants. Quickly becomes well vascularized following placement, and acts as an osteoconductive and osteoinductive scaffold for bone formation.",{},"https://www.safcodental.com/media/catalog/product/p/f/pfwrd.jpg?width=265&height=265&canvas=265,265&optimize=medium&fit=bounds",,structured,2026-08-19T03:51:09.226092+00:00,f226e5f9bc00e501
0b5fa914ccfc467fa851aec105c9ce2d,6130003,Mineralized cancellous bone .25-1.0mm 1.0cc jar,Surgical Esthetics,6130003,sutures-surgical-products,https://www.safcodental.com/product/ossif-i-sem-trade,https://www.safcodental.com/product/ossif-i-sem-trade,93.99,USD,visible,,In stock,"Mineralized cancellous bone allograft Ideal for filling periodontal defects, extraction sockets, apicoectomy and root-resection. Can be used in conjunction with placement of dental implants. Double-sterile packaged jars can be taken directly to the sterile surgical site; material does not need to be transferred to another container. Mineralized cortical/cancellous bone allograftExcellent osteoconductive scaffold used in a variety of surgical procedures, including: extraction socket grafting, implant placement, osseous ridge repair, and sinus augmentations. Outstanding inner porosity and surface area, promotes clot formation and consistent, stable ossification and space maintenance. Double-sterile packaged jars; material does not need to be transferred to another container. Demineralized cancellous bone allograft sponge stripsPliable and resilient sponge matrix that can be adapted to numerous clinical needs including horizontal or vertical ridge augmentation, extraction sockets, recession defects, and can be used in conjunction with the placement of dental implants. Quickly becomes well vascularized following placement, and acts as an osteoconductive and osteoinductive scaffold for bone formation.",{},"https://www.safcodental.com/media/catalog/product/p/f/pfwrd.jpg?width=265&height=265&canvas=265,265&optimize=medium&fit=bounds",,structured,2026-08-19T03:51:09.232864+00:00,3e00d4f926771774
7908eb8966254187b99225be2f786a11,6130005,Mineralized cancellous bone .25-1.0mm 2.0cc jar,Surgical Esthetics,6130005,sutures-surgical-products,https://www.safcodental.com/product/ossif-i-sem-trade,https://www.safcodental.com/product/ossif-i-sem-trade,137.49,USD,visible,,In stock,"Mineralized cancellous bone allograft Ideal for filling periodontal defects, extraction sockets, apicoectomy and root-resection. Can be used in conjunction with placement of dental implants. Double-sterile packaged jars can be taken directly to the sterile surgical site; material does not need to be transferred to another container. Mineralized cortical/cancellous bone allograftExcellent osteoconductive scaffold used in a variety of surgical procedures, including: extraction socket grafting, implant placement, osseous ridge repair, and sinus augmentations. Outstanding inner porosity and surface area, promotes clot formation and consistent, stable ossification and space maintenance. Double-sterile packaged jars; material does not need to be transferred to another container. Demineralized cancellous bone allograft sponge stripsPliable and resilient sponge matrix that can be adapted to numerous clinical needs including horizontal or vertical ridge augmentation, extraction sockets, recession defects, and can be used in conjunction with the placement of dental implants. Quickly becomes well vascularized following placement, and acts as an osteoconductive and osteoinductive scaffold for bone formation.",{},"https://www.safcodental.com/media/catalog/product/p/f/pfwrd.jpg?width=265&height=265&canvas=265,265&optimize=medium&fit=bounds",,structured,2026-08-19T03:51:09.239250+00:00,9e603553e41b7105
941f86a4350c4f7ea8cfe657449c2a21,6130007,Mineralized cancellous bone 1.0-2.0mm .5cc jar,Surgical Esthetics,6130007,sutures-surgical-products,https://www.safcodental.com/product/ossif-i-sem-trade,https://www.safcodental.com/product/ossif-i-sem-trade,71.49,USD,visible,,In stock,"Mineralized cancellous bone allograft Ideal for filling periodontal defects, extraction sockets, apicoectomy and root-resection. Can be used in conjunction with placement of dental implants. Double-sterile packaged jars can be taken directly to the sterile surgical site; material does not need to be transferred to another container. Mineralized cortical/cancellous bone allograftExcellent osteoconductive scaffold used in a variety of surgical procedures, including: extraction socket grafting, implant placement, osseous ridge repair, and sinus augmentations. Outstanding inner porosity and surface area, promotes clot formation and consistent, stable ossification and space maintenance. Double-sterile packaged jars; material does not need to be transferred to another container. Demineralized cancellous bone allograft sponge stripsPliable and resilient sponge matrix that can be adapted to numerous clinical needs including horizontal or vertical ridge augmentation, extraction sockets, recession defects, and can be used in conjunction with the placement of dental implants. Quickly becomes well vascularized following placement, and acts as an osteoconductive and osteoinductive scaffold for bone formation.",{},"https://www.safcodental.com/media/catalog/product/p/f/pfwrd.jpg?width=265&height=265&canvas=265,265&optimize=medium&fit=bounds",,structured,2026-08-19T03:51:09.245807+00:00,2c2bc9d98c05d1be
2b7029111fa540b2be5c55c18859fe37,6130009,Mineralized cancellous bone 1.0-2.0mm 1.0cc jar,Surgical Esthetics,6130009,sutures-surgical-products,https://www.safcodental.com/product/ossif-i-sem-trade,https://www.safcodental.com/product/ossif-i-sem-trade,93.99,USD,visible,,In stock,"Mineralized cancellous bone allograft Ideal for filling periodontal defects, extraction sockets, apicoectomy and root-resection. Can be used in conjunction with placement of dental implants. Double-sterile packaged jars can be taken directly to the sterile surgical site; material does not need to be transferred to another container. Mineralized cortical/cancellous bone allograftExcellent osteoconductive scaffold used in a variety of surgical procedures, including: extraction socket grafting, implant placement, osseous ridge repair, and sinus augmentations. Outstanding inner porosity and surface area, promotes clot formation and consistent, stable ossification and space maintenance. Double-sterile packaged jars; material does not need to be transferred to another container. Demineralized cancellous bone allograft sponge stripsPliable and resilient sponge matrix that can be adapted to numerous clinical needs including horizontal or vertical ridge augmentation, extraction sockets, recession defects, and can be used in conjunction with the placement of dental implants. Quickly becomes well vascularized following placement, and acts as an osteoconductive and osteoinductive scaffold for bone formation.",{},"https://www.safcodental.com/media/catalog/product/p/f/pfwrd.jpg?width=265&height=265&canvas=265,265&optimize=medium&fit=bounds",,structured,2026-08-19T03:51:09.255164+00:00,a078937cd573dc5f
9a76897b343c4c22b702ead2debc64bc,6130011,Mineralized cancellous bone 1.0-2.0mm 2.0cc jar,Surgical Esthetics,6130011,sutures-surgical-products,https://www.safcodental.com/product/ossif-i-sem-trade,https://www.safcodental.com/product/ossif-i-sem-trade,137.49,USD,visible,,In stock,"Mineralized cancellous bone allograft Ideal for filling periodontal defects, extraction sockets, apicoectomy and root-resection. Can be used in conjunction with placement of dental implants. Double-sterile packaged jars can be taken directly to the sterile surgical site; material does not need to be transferred to another container. Mineralized cortical/cancellous bone allograftExcellent osteoconductive scaffold used in a variety of surgical procedures, including: extraction socket grafting, implant placement, osseous ridge repair, and sinus augmentations. Outstanding inner porosity and surface area, promotes clot formation and consistent, stable ossification and space maintenance. Double-sterile packaged jars; material does not need to be transferred to another container. Demineralized cancellous bone allograft sponge stripsPliable and resilient sponge matrix that can be adapted to numerous clinical needs including horizontal or vertical ridge augmentation, extraction sockets, recession defects, and can be used in conjunction with the placement of dental implants. Quickly becomes well vascularized following placement, and acts as an osteoconductive and osteoinductive scaffold for bone formation.",{},"https://www.safcodental.com/media/catalog/product/p/f/pfwrd.jpg?width=265&height=265&canvas=265,265&optimize=medium&fit=bounds",,structured,2026-08-19T03:51:09.261479+00:00,46153116d496a659
acd5403d85e5490faad9460d893b9ce6,6130012,Mineralized cortical cancellous bone .6-1.25mm 0.25cc jar,Surgical Esthetics,6130012,sutures-surgical-products,https://www.safcodental.com/product/ossif-i-sem-trade,https://www.safcodental.com/product/ossif-i-sem-trade,41.49,USD,visible,,In stock,"Mineralized cancellous bone allograft Ideal for filling periodontal defects, extraction sockets, apicoectomy and root-resection. Can be used in conjunction with placement of dental implants. Double-sterile packaged jars can be taken directly to the sterile surgical site; material does not need to be transferred to another container. Mineralized cortical/cancellous bone allograftExcellent osteoconductive scaffold used in a variety of surgical procedures, including: extraction socket grafting, implant placement, osseous ridge repair, and sinus augmentations. Outstanding inner porosity and surface area, promotes clot formation and consistent, stable ossification and space maintenance. Double-sterile packaged jars; material does not need to be transferred to another container. Demineralized cancellous bone allograft sponge stripsPliable and resilient sponge matrix that can be adapted to numerous clinical needs including horizontal or vertical ridge augmentation, extraction sockets, recession defects, and can be used in conjunction with the placement of dental implants. Quickly becomes well vascularized following placement, and acts as an osteoconductive and osteoinductive scaffold for bone formation.",{},"https://www.safcodental.com/media/catalog/product/p/f/pfwrd.jpg?width=265&height=265&canvas=265,265&optimize=medium&fit=bounds",,structured,2026-08-19T03:51:09.268791+00:00,91afa05b7c8abd3d
6b2bfe17175242508de2502bbb716507,6130013,Mineralized cortical cancellous bone .6-1.25mm 0.5cc jar,Surgical Esthetics,6130013,sutures-surgical-products,https://www.safcodental.com/product/ossif-i-sem-trade,https://www.safcodental.com/product/ossif-i-sem-trade,65.99,USD,visible,,In stock,"Mineralized cancellous bone allograft Ideal for filling periodontal defects, extraction sockets, apicoectomy and root-resection. Can be used in conjunction with placement of dental implants. Double-sterile packaged jars can be taken directly to the sterile surgical site; material does not need to be transferred to another container. Mineralized cortical/cancellous bone allograftExcellent osteoconductive scaffold used in a variety of surgical procedures, including: extraction socket grafting, implant placement, osseous ridge repair, and sinus augmentations. Outstanding inner porosity and surface area, promotes clot formation and consistent, stable ossification and space maintenance. Double-sterile packaged jars; material does not need to be transferred to another container. Demineralized cancellous bone allograft sponge stripsPliable and resilient sponge matrix that can be adapted to numerous clinical needs including horizontal or vertical ridge augmentation, extraction sockets, recession defects, and can be used in conjunction with the placement of dental implants. Quickly becomes well vascularized following placement, and acts as an osteoconductive and osteoinductive scaffold for bone formation.",{},"https://www.safcodental.com/media/catalog/product/p/f/pfwrd.jpg?width=265&height=265&canvas=265,265&optimize=medium&fit=bounds",,structured,2026-08-19T03:51:09.275341+00:00,5eff9ac92a95328b
b04961aded6c40f8b5506091a130590e,6130015,Mineralized cortical cancellous bone .6-1.25mm 1.0cc jar,Surgical Esthetics,6130015,sutures-surgical-products,https://www.safcodental.com/product/ossif-i-sem-trade,https://www.safcodental.com/product/ossif-i-sem-trade,91.99,USD,visible,,In stock,"Mineralized cancellous bone allograft Ideal for filling periodontal defects, extraction sockets, apicoectomy and root-resection. Can be used in conjunction with placement of dental implants. Double-sterile packaged jars can be taken directly to the sterile surgical site; material does not need to be transferred to another container. Mineralized cortical/cancellous bone allograftExcellent osteoconductive scaffold used in a variety of surgical procedures, including: extraction socket grafting, implant placement, osseous ridge repair, and sinus augmentations. Outstanding inner porosity and surface area, promotes clot formation and consistent, stable ossification and space maintenance. Double-sterile packaged jars; material does not need to be transferred to another container. Demineralized cancellous bone allograft sponge stripsPliable and resilient sponge matrix that can be adapted to numerous clinical needs including horizontal or vertical ridge augmentation, extraction sockets, recession defects, and can be used in conjunction with the placement of dental implants. Quickly becomes well vascularized following placement, and acts as an osteoconductive and osteoinductive scaffold for bone formation.",{},"https://www.safcodental.com/media/catalog/product/p/f/pfwrd.jpg?width=265&height=265&canvas=265,265&optimize=medium&fit=bounds",,structured,2026-08-19T03:51:09.282276+00:00,a5c522e5b58dbf4e
cd805f2712944a9493d9762209d97389,6130017,Mineralized cortical cancellous bone .6-1.25mm 2.0cc jar,Surgical Esthetics,6130017,sutures-surgical-products,https://www.safcodental.com/product/ossif-i-sem-trade,https://www.safcodental.com/product/ossif-i-sem-trade,130.99,USD,visible,,In stock,"Mineralized cancellous bone allograft Ideal for filling periodontal defects, extraction sockets, apicoectomy and root-resection. Can be used in conjunction with placement of dental implants. Double-sterile packaged jars can be taken directly to the sterile surgical site; material does not need to be transferred to another container. Mineralized cortical/cancellous bone allograftExcellent osteoconductive scaffold used in a variety of surgical procedures, including: extraction socket grafting, implant placement, osseous ridge repair, and sinus augmentations. Outstanding inner porosity and surface area, promotes clot formation and consistent, stable ossification and space maintenance. Double-sterile packaged jars; material does not need to be transferred to another container. Demineralized cancellous bone allograft sponge stripsPliable and resilient sponge matrix that can be adapted to numerous clinical needs including horizontal or vertical ridge augmentation, extraction sockets, recession defects, and can be used in conjunction with the placement of dental implants. Quickly becomes well vascularized following placement, and acts as an osteoconductive and osteoinductive scaffold for bone formation.",{},"https://www.safcodental.com/media/catalog/product/p/f/pfwrd.jpg?width=265&height=265&canvas=265,265&optimize=medium&fit=bounds",,structured,2026-08-19T03:51:09.288627+00:00,1df9b625fa22f7c5
d8ba92920083497d9b04776ff4fda726,6130019,Mineralized cortical cancellous bone 1.0-2.0mm .5cc jar,Surgical Esthetics,6130019,sutures-surgical-products,https://www.safcodental.com/product/ossif-i-sem-trade,https://www.safcodental.com/product/ossif-i-sem-trade,65.99,USD,visible,,In stock,"Mineralized cancellous bone allograft Ideal for filling periodontal defects, extraction sockets, apicoectomy and root-resection. Can be used in conjunction with placement of dental implants. Double-sterile packaged jars can be taken directly to the sterile surgical site; material does not need to be transferred to another container. Mineralized cortical/cancellous bone allograftExcellent osteoconductive scaffold used in a variety of surgical procedures, including: extraction socket grafting, implant placement, osseous ridge repair, and sinus augmentations. Outstanding inner porosity and surface area, promotes clot formation and consistent, stable ossification and space maintenance. Double-sterile packaged jars; material does not need to be transferred to another container. Demineralized cancellous bone allograft sponge stripsPliable and resilient sponge matrix that can be adapted to numerous clinical needs including horizontal or vertical ridge augmentation, extraction sockets, recession defects, and can be used in conjunction with the placement of dental implants. Quickly becomes well vascularized following placement, and acts as an osteoconductive and osteoinductive scaffold for bone formation.",{},"https://www.safcodental.com/media/catalog/product/p/f/pfwrd.jpg?width=265&height=265&canvas=265,265&optimize=medium&fit=bounds",,structured,2026-08-19T03:51:09.295062+00:00,325db90d2db4f327
66efbb50dc244831a0db45063cf4a694,6130021,Mineralized cortical cancellous bone 1.0-2.0mm 1.0cc jar,Surgical Esthetics,6130021,sutures-surgical-products,https://www.safcodental.com/product/ossif-i-sem-trade,https://www.safcodental.com/product/ossif-i-sem-trade,93.99,USD,visible,,In stock,"Mineralized cancellous bone allograft Ideal for filling periodontal defects, extraction sockets, apicoectomy and root-resection. Can be used in conjunction with placement of dental implants. Double-sterile packaged jars can be taken directly to the sterile surgical site; material does not need to be transferred to another container. Mineralized cortical/cancellous bone allograftExcellent osteoconductive scaffold used in a variety of surgical procedures, including: extraction socket grafting, implant placement, osseous ridge repair, and sinus augmentations. Outstanding inner porosity and surface area, promotes clot formation and consistent, stable ossification and space maintenance. Double-sterile packaged jars; material does not need to be transferred to another container. Demineralized cancellous bone allograft sponge stripsPliable and resilient sponge matrix that can be adapted to numerous clinical needs including horizontal or vertical ridge augmentation, extraction sockets, recession defects, and can be used in conjunction with the placement of dental implants. Quickly becomes well vascularized following placement, and acts as an osteoconductive and osteoinductive scaffold for bone formation.",{},"https://www.safcodental.com/media/catalog/product/p/f/pfwrd.jpg?width=265&height=265&canvas=265,265&optimize=medium&fit=bounds",,structured,2026-08-19T03:51:09.301985+00:00,15c2cbcba56d84ce
9a6bebb79adb4c8891db0b58e309adf6,6130023,Mineralized cortical cancellous bone 1.0-2.0mm 2.0cc jar,Surgical Esthetics,6130023,sutures-surgical-products,https://www.safcodental.com/product/ossif-i-sem-trade,https://www.safcodental.com/product/ossif-i-sem-trade,130.99,USD,visible,,In stock,"Mineralized cancellous bone allograft Ideal for filling periodontal defects, extraction sockets, apicoectomy and root-resection. Can be used in conjunction with placement of dental implants. Double-sterile packaged jars can be taken directly to the sterile surgical site; material does not need to be transferred to another container. Mineralized cortical/cancellous bone allograftExcellent osteoconductive scaffold used in a variety of surgical procedures, including: extraction socket grafting, implant placement, osseous ridge repair, and sinus augmentations. Outstanding inner porosity and surface area, promotes clot formation and consistent, stable ossification and space maintenance. Double-sterile packaged jars; material does not need to be transferred to another container. Demineralized cancellous bone allograft sponge stripsPliable and resilient sponge matrix that can be adapted to numerous clinical needs including horizontal or vertical ridge augmentation, extraction sockets, recession defects, and can be used in conjunction with the placement of dental implants. Quickly becomes well vascularized following placement, and acts as an osteoconductive and osteoinductive scaffold for bone formation.",{},"https://www.safcodental.com/media/catalog/product/p/f/pfwrd.jpg?width=265&height=265&canvas=265,265&optimize=medium&fit=bounds",,structured,2026-08-19T03:51:09.308487+00:00,d66f255c8ea09f42
8460bcb36b5b44cb959602b36d80a269,6130025,Mineralized cortical bone .25-1.0mm .5cc jar,Surgical Esthetics,6130025,sutures-surgical-products,https://www.safcodental.com/product/ossif-i-sem-trade,https://www.safcodental.com/product/ossif-i-sem-trade,65.99,USD,visible,,In stock,"Mineralized cancellous bone allograft Ideal for filling periodontal defects, extraction sockets, apicoectomy and root-resection. Can be used in conjunction with placement of dental implants. Double-sterile packaged jars can be taken directly to the sterile surgical site; material does not need to be transferred to another container. Mineralized cortical/cancellous bone allograftExcellent osteoconductive scaffold used in a variety of surgical procedures, including: extraction socket grafting, implant placement, osseous ridge repair, and sinus augmentations. Outstanding inner porosity and surface area, promotes clot formation and consistent, stable ossification and space maintenance. Double-sterile packaged jars; material does not need to be transferred to another container. Demineralized cancellous bone allograft sponge stripsPliable and resilient sponge matrix that can be adapted to numerous clinical needs including horizontal or vertical ridge augmentation, extraction sockets, recession defects, and can be used in conjunction with the placement of dental implants. Quickly becomes well vascularized following placement, and acts as an osteoconductive and osteoinductive scaffold for bone formation.",{},"https://www.safcodental.com/media/catalog/product/p/f/pfwrd.jpg?width=265&height=265&canvas=265,265&optimize=medium&fit=bounds",,structured,2026-08-19T03:51:09.316802+00:00,93a098df917a52bd
4203e8bbff524d509493bee93e9d0f97,6130027,Mineralized cortical bone .25-1.0mm 1.0cc jar,Surgical Esthetics,6130027,sutures-surgical-products,https://www.safcodental.com/product/ossif-i-sem-trade,https://www.safcodental.com/product/ossif-i-sem-trade,91.99,USD,visible,,In stock,"Mineralized cancellous bone allograft Ideal for filling periodontal defects, extraction sockets, apicoectomy and root-resection. Can be used in conjunction with placement of dental implants. Double-sterile packaged jars can be taken directly to the sterile surgical site; material does not need to be transferred to another container. Mineralized cortical/cancellous bone allograftExcellent osteoconductive scaffold used in a variety of surgical procedures, including: extraction socket grafting, implant placement, osseous ridge repair, and sinus augmentations. Outstanding inner porosity and surface area, promotes clot formation and consistent, stable ossification and space maintenance. Double-sterile packaged jars; material does not need to be transferred to another container. Demineralized cancellous bone allograft sponge stripsPliable and resilient sponge matrix that can be adapted to numerous clinical needs including horizontal or vertical ridge augmentation, extraction sockets, recession defects, and can be used in conjunction with the placement of dental implants. Quickly becomes well vascularized following placement, and acts as an osteoconductive and osteoinductive scaffold for bone formation.",{},"https://www.safcodental.com/media/catalog/product/p/f/pfwrd.jpg?width=265&height=265&canvas=265,265&optimize=medium&fit=bounds",,structured,2026-08-19T03:51:09.324768+00:00,bcda1cb63d70e0c9
3c185150fb4948c0bf7f6c69ae288006,6130029,Mineralized cortical bone .25-1.0mm 2.0cc jar,Surgical Esthetics,6130029,sutures-surgical-products,https://www.safcodental.com/product/ossif-i-sem-trade,https://www.safcodental.com/product/ossif-i-sem-trade,137.49,USD,visible,,In stock,"Mineralized cancellous bone allograft Ideal for filling periodontal defects, extraction sockets, apicoectomy and root-resection. Can be used in conjunction with placement of dental implants. Double-sterile packaged jars can be taken directly to the sterile surgical site; material does not need to be transferred to another container. Mineralized cortical/cancellous bone allograftExcellent osteoconductive scaffold used in a variety of surgical procedures, including: extraction socket grafting, implant placement, osseous ridge repair, and sinus augmentations. Outstanding inner porosity and surface area, promotes clot formation and consistent, stable ossification and space maintenance. Double-sterile packaged jars; material does not need to be transferred to another container. Demineralized cancellous bone allograft sponge stripsPliable and resilient sponge matrix that can be adapted to numerous clinical needs including horizontal or vertical ridge augmentation, extraction sockets, recession defects, and can be used in conjunction with the placement of dental implants. Quickly becomes well vascularized following placement, and acts as an osteoconductive and osteoinductive scaffold for bone formation.",{},"https://www.safcodental.com/media/catalog/product/p/f/pfwrd.jpg?width=265&height=265&canvas=265,265&optimize=medium&fit=bounds",,structured,2026-08-19T03:51:09.334717+00:00,08e0acb182b6217c
2f18e9b161e748009cfcda5f1c415419,6130031,Demineralized bone allograft sponges 10 x 6 x 7mm,Surgical Esthetics,6130031,sutures-surgical-products,https://www.safcodental.com/product/ossif-i-sem-trade,https://www.safcodental.com/product/ossif-i-sem-trade,139.49,USD,visible,,In stock,"Mineralized cancellous bone allograft Ideal for filling periodontal defects, extraction sockets, apicoectomy and root-resection. Can be used in conjunction with placement of dental implants. Double-sterile packaged jars can be taken directly to the sterile surgical site; material does not need to be transferred to another container. Mineralized cortical/cancellous bone allograftExcellent osteoconductive scaffold used in a variety of surgical procedures, including: extraction socket grafting, implant placement, osseous ridge repair, and sinus augmentations. Outstanding inner porosity and surface area, promotes clot formation and consistent, stable ossification and space maintenance. Double-sterile packaged jars; material does not need to be transferred to another container. Demineralized cancellous bone allograft sponge stripsPliable and resilient sponge matrix that can be adapted to numerous clinical needs including horizontal or vertical ridge augmentation, extraction sockets, recession defects, and can be used in conjunction with the placement of dental implants. Quickly becomes well vascularized following placement, and acts as an osteoconductive and osteoinductive scaffold for bone formation.",{},"https://www.safcodental.com/media/catalog/product/p/f/pfwrd.jpg?width=265&height=265&canvas=265,265&optimize=medium&fit=bounds",,structured,2026-08-19T03:51:09.341422+00:00,ffad094a569aa9d5
2e6ba6a8796a434291d445b90baf2d19,6130033,Demineralized bone allograft sponges 20 x 6 x 7mm,Surgical Esthetics,6130033,sutures-surgical-products,https://www.safcodental.com/product/ossif-i-sem-trade,https://www.safcodental.com/product/ossif-i-sem-trade,279.49,USD,visible,,In stock,"Mineralized cancellous bone allograft Ideal for filling periodontal defects, extraction sockets, apicoectomy and root-resection. Can be used in conjunction with placement of dental implants. Double-sterile packaged jars can be taken directly to the sterile surgical site; material does not need to be transferred to another container. Mineralized cortical/cancellous bone allograftExcellent osteoconductive scaffold used in a variety of surgical procedures, including: extraction socket grafting, implant placement, osseous ridge repair, and sinus augmentations. Outstanding inner porosity and surface area, promotes clot formation and consistent, stable ossification and space maintenance. Double-sterile packaged jars; material does not need to be transferred to another container. Demineralized cancellous bone allograft sponge stripsPliable and resilient sponge matrix that can be adapted to numerous clinical needs including horizontal or vertical ridge augmentation, extraction sockets, recession defects, and can be used in conjunction with the placement of dental implants. Quickly becomes well vascularized following placement, and acts as an osteoconductive and osteoinductive scaffold for bone formation.",{},"https://www.safcodental.com/media/catalog/product/p/f/pfwrd.jpg?width=265&height=265&canvas=265,265&optimize=medium&fit=bounds",,structured,2026-08-19T03:51:09.352937+00:00,40e330ecdf96db26
2158f2d50c8e483f84e65483d40a7659,3274301,"HeliPlug 1cm x 2cm (3/8"" x 3/4""), 10/box",Integra Miltex,3274301,sutures-surgical-products,https://www.safcodental.com/product/heliplug-reg,https://www.safcodental.com/product/heliplug-reg,145.49,USD,visible,10/box,In stock,Hemostatic absorbable collagen material derived from bovine tendon. Promotes tissue growth by providing a scaffold-like structure. Its cylindrical shape is ideal for extraction and biopsy sites. Indicated for application to moist or bleeding oral wounds created during dental surgery to control bleeding and protect the surface of the wound from further injury. Absorbs within 10 to 14 days.,{},"https://www.safcodental.com/media/catalog/product/p/f/pfwqw.jpg?width=265&height=265&canvas=265,265&optimize=medium&fit=bounds",,structured,2026-08-19T03:51:11.223057+00:00,f281db9a53d240f3
b93d9956475942cb8799f4688be354b8,3274202,HeliMend 15mm x 20mm 1/box,Integra Miltex,3274202,sutures-surgical-products,https://www.safcodental.com/product/helimend-trade-and-helimend-trade-advanced,https://www.safcodental.com/product/helimend-trade-and-helimend-trade-advanced,102.59,USD,visible,1/box,In stock,"Please note: These products are on backorder with indefinite delivery. Safco will not be accepting orders for these products until inventory is received. Absorbable collagen membranes made from purified bovine tendon. Provides wound stabilization and creates space during guided tissue regeneration where a longer absorption rate is desired. Material is pliable and does not become slippery when hydrated. Indicated for guided tissue regeneration procedures in periodontal defects to enhance regeneration of the periodontal apparatus. Sterile, individually packed (1 per box). HeliMend – Absorbs in 4 to 8 weeks. HeliMend Advanced – Absorbs in 18 weeks.",{},"https://www.safcodental.com/media/catalog/product/p/f/pfwqp.jpg?width=265&height=265&canvas=265,265&optimize=medium&fit=bounds",,structured,2026-08-19T03:51:13.252089+00:00,6720e737b380c06a
9fda9236dd5a4521bd8e57e4b6f7a00e,3274204,HeliMend 20mm x 30mm 1/box,Integra Miltex,3274204,sutures-surgical-products,https://www.safcodental.com/product/helimend-trade-and-helimend-trade-advanced,https://www.safcodental.com/product/helimend-trade-and-helimend-trade-advanced,127.29,USD,visible,1/box,In stock,"Please note: These products are on backorder with indefinite delivery. Safco will not be accepting orders for these products until inventory is received. Absorbable collagen membranes made from purified bovine tendon. Provides wound stabilization and creates space during guided tissue regeneration where a longer absorption rate is desired. Material is pliable and does not become slippery when hydrated. Indicated for guided tissue regeneration procedures in periodontal defects to enhance regeneration of the periodontal apparatus. Sterile, individually packed (1 per box). HeliMend – Absorbs in 4 to 8 weeks. HeliMend Advanced – Absorbs in 18 weeks.",{},"https://www.safcodental.com/media/catalog/product/p/f/pfwqp.jpg?width=265&height=265&canvas=265,265&optimize=medium&fit=bounds",,structured,2026-08-19T03:51:13.257825+00:00,6f0c41143bad3d68
544fba4c44de42ec8181654489a26102,3274206,HeliMend 30mm x 40mm 1/box,Integra Miltex,3274206,sutures-surgical-products,https://www.safcodental.com/product/helimend-trade-and-helimend-trade-advanced,https://www.safcodental.com/product/helimend-trade-and-helimend-trade-advanced,210.99,USD,visible,1/box,In stock,"Please note: These products are on backorder with indefinite delivery. Safco will not be accepting orders for these products until inventory is received. Absorbable collagen membranes made from purified bovine tendon. Provides wound stabilization and creates space during guided tissue regeneration where a longer absorption rate is desired. Material is pliable and does not become slippery when hydrated. Indicated for guided tissue regeneration procedures in periodontal defects to enhance regeneration of the periodontal apparatus. Sterile, individually packed (1 per box). HeliMend – Absorbs in 4 to 8 weeks. HeliMend Advanced – Absorbs in 18 weeks.",{},"https://www.safcodental.com/media/catalog/product/p/f/pfwqp.jpg?width=265&height=265&canvas=265,265&optimize=medium&fit=bounds",,structured,2026-08-19T03:51:13.264123+00:00,bf4c76b3aca0f1b0
4c71966fb4c746a0bf90a1edd9dc7b8f,3274208,HeliMend Advanced 15mm x 20mm 1/box,Integra Miltex,3274208,sutures-surgical-products,https://www.safcodental.com/product/helimend-trade-and-helimend-trade-advanced,https://www.safcodental.com/product/helimend-trade-and-helimend-trade-advanced,113.79,USD,visible,1/box,In stock,"Please note: These products are on backorder with indefinite delivery. Safco will not be accepting orders for these products until inventory is received. Absorbable collagen membranes made from purified bovine tendon. Provides wound stabilization and creates space during guided tissue regeneration where a longer absorption rate is desired. Material is pliable and does not become slippery when hydrated. Indicated for guided tissue regeneration procedures in periodontal defects to enhance regeneration of the periodontal apparatus. Sterile, individually packed (1 per box). HeliMend – Absorbs in 4 to 8 weeks. HeliMend Advanced – Absorbs in 18 weeks.",{},"https://www.safcodental.com/media/catalog/product/p/f/pfwqp.jpg?width=265&height=265&canvas=265,265&optimize=medium&fit=bounds",,structured,2026-08-19T03:51:13.272585+00:00,78a880a1db9c8ef3
d29fc3e19f7c42448e36c5db05b09969,3274210,HeliMend Advanced 20mm x 30mm 1/box,Integra Miltex,3274210,sutures-surgical-products,https://www.safcodental.com/product/helimend-trade-and-helimend-trade-advanced,https://www.safcodental.com/product/helimend-trade-and-helimend-trade-advanced,137.79,USD,visible,1/box,In stock,"Please note: These products are on backorder with indefinite delivery. Safco will not be accepting orders for these products until inventory is received. Absorbable collagen membranes made from purified bovine tendon. Provides wound stabilization and creates space during guided tissue regeneration where a longer absorption rate is desired. Material is pliable and does not become slippery when hydrated. Indicated for guided tissue regeneration procedures in periodontal defects to enhance regeneration of the periodontal apparatus. Sterile, individually packed (1 per box). HeliMend – Absorbs in 4 to 8 weeks. HeliMend Advanced – Absorbs in 18 weeks.",{},"https://www.safcodental.com/media/catalog/product/p/f/pfwqp.jpg?width=265&height=265&canvas=265,265&optimize=medium&fit=bounds",,structured,2026-08-19T03:51:13.279026+00:00,c2524228f36aa0b6
5f3a6d6aaa1f488d8de7df83c0598dad,3274212,HeliMend Advanced 30mm x 40mm 1/box,Integra Miltex,3274212,sutures-surgical-products,https://www.safcodental.com/product/helimend-trade-and-helimend-trade-advanced,https://www.safcodental.com/product/helimend-trade-and-helimend-trade-advanced,201.79,USD,visible,1/box,In stock,"Please note: These products are on backorder with indefinite delivery. Safco will not be accepting orders for these products until inventory is received. Absorbable collagen membranes made from purified bovine tendon. Provides wound stabilization and creates space during guided tissue regeneration where a longer absorption rate is desired. Material is pliable and does not become slippery when hydrated. Indicated for guided tissue regeneration procedures in periodontal defects to enhance regeneration of the periodontal apparatus. Sterile, individually packed (1 per box). HeliMend – Absorbs in 4 to 8 weeks. HeliMend Advanced – Absorbs in 18 weeks.",{},"https://www.safcodental.com/media/catalog/product/p/f/pfwqp.jpg?width=265&height=265&canvas=265,265&optimize=medium&fit=bounds",,structured,2026-08-19T03:51:13.288055+00:00,5151d0cbaa1e1f31
0acb80509e1f48868069818eaf241fa0,5106382,"ColdStar instant cold pack disposable 5&quot; x 7&quot;, 48/case",Coldstar,5106382,sutures-surgical-products,https://www.safcodental.com/product/coldstar-disposable-instant-non-insulated-cold-pack,https://www.safcodental.com/product/coldstar-disposable-instant-non-insulated-cold-pack,32.5,USD,visible,48/case,In stock,"Use in first aid treatment of: Bumps and Bruises, Sprains, Fractures, Minor Burns, Snake Bites, Insect Bites, Minor Bleeding, Nosebleeds, Headaches, Toothaches, Fever, Backaches, Sunstroke, Dislocations, Fatigue, Itching, Cramping, etc. Squeeze, Shake, Apply Instantly Cold FDA Approved Superior Quality Reaches therapeutic controlled temp every time Safe Time saving Provides maximum efficiency Non smear print Made in the USA",{},"https://www.safcodental.com/media/catalog/product/p/f/pfvjj.jpg?width=265&height=265&canvas=265,265&optimize=medium&fit=bounds",,structured,2026-08-19T03:51:15.269664+00:00,68f3136689539033
7b53769f352d45d1b56664e5646a2586,5106383,"ColdStar instant cold pack disposable 5&quot; x 5.5&quot;, 80/case",Coldstar,5106383,sutures-surgical-products,https://www.safcodental.com/product/coldstar-disposable-instant-non-insulated-cold-pack,https://www.safcodental.com/product/coldstar-disposable-instant-non-insulated-cold-pack,46.5,USD,visible,80/case,In stock,"Use in first aid treatment of: Bumps and Bruises, Sprains, Fractures, Minor Burns, Snake Bites, Insect Bites, Minor Bleeding, Nosebleeds, Headaches, Toothaches, Fever, Backaches, Sunstroke, Dislocations, Fatigue, Itching, Cramping, etc. Squeeze, Shake, Apply Instantly Cold FDA Approved Superior Quality Reaches therapeutic controlled temp every time Safe Time saving Provides maximum efficiency Non smear print Made in the USA",{},"https://www.safcodental.com/media/catalog/product/p/f/pfvjj.jpg?width=265&height=265&canvas=265,265&optimize=medium&fit=bounds",,structured,2026-08-19T03:51:15.276509+00:00,d1269046eee8b681
f15bc2c5ed4844f5bd97bc897332c0a4,5106384,"ColdStar instant cold pack disposable 5&quot; x 5.5&quot;(individual box),50/ca",Coldstar,5106384,sutures-surgical-products,https://www.safcodental.com/product/coldstar-disposable-instant-non-insulated-cold-pack,https://www.safcodental.com/product/coldstar-disposable-instant-non-insulated-cold-pack,50.99,USD,visible,,In stock,"Use in first aid treatment of: Bumps and Bruises, Sprains, Fractures, Minor Burns, Snake Bites, Insect Bites, Minor Bleeding, Nosebleeds, Headaches, Toothaches, Fever, Backaches, Sunstroke, Dislocations, Fatigue, Itching, Cramping, etc. Squeeze, Shake, Apply Instantly Cold FDA Approved Superior Quality Reaches therapeutic controlled temp every time Safe Time saving Provides maximum efficiency Non smear print Made in the USA",{},"https://www.safcodental.com/media/catalog/product/p/f/pfvjj.jpg?width=265&height=265&canvas=265,265&optimize=medium&fit=bounds",,structured,2026-08-19T03:51:15.282296+00:00,f823302b230957f7
a3e2b7a63adb4a2c8421718288209495,5106385,"ColdStar Cool-It gel pack reusable 2.5&quot; x 5&quot;, 150/case",Coldstar,5106385,sutures-surgical-products,https://www.safcodental.com/product/coldstar-disposable-instant-non-insulated-cold-pack,https://www.safcodental.com/product/coldstar-disposable-instant-non-insulated-cold-pack,73.99,USD,visible,150/case,In stock,"Use in first aid treatment of: Bumps and Bruises, Sprains, Fractures, Minor Burns, Snake Bites, Insect Bites, Minor Bleeding, Nosebleeds, Headaches, Toothaches, Fever, Backaches, Sunstroke, Dislocations, Fatigue, Itching, Cramping, etc. Squeeze, Shake, Apply Instantly Cold FDA Approved Superior Quality Reaches therapeutic controlled temp every time Safe Time saving Provides maximum efficiency Non smear print Made in the USA",{},"https://www.safcodental.com/media/catalog/product/p/f/pfvjj.jpg?width=265&height=265&canvas=265,265&optimize=medium&fit=bounds",,structured,2026-08-19T03:51:15.288381+00:00,d81f07fba377ea4e
6146208c5edc4b00abad580eda465564,5106386,"ColdStar instant cold pack reusable 5&quot; x 7&quot;, 24/case",Coldstar,5106386,sutures-surgical-products,https://www.safcodental.com/product/coldstar-disposable-instant-non-insulated-cold-pack,https://www.safcodental.com/product/coldstar-disposable-instant-non-insulated-cold-pack,20.99,USD,visible,24/case,In stock,"Use in first aid treatment of: Bumps and Bruises, Sprains, Fractures, Minor Burns, Snake Bites, Insect Bites, Minor Bleeding, Nosebleeds, Headaches, Toothaches, Fever, Backaches, Sunstroke, Dislocations, Fatigue, Itching, Cramping, etc. Squeeze, Shake, Apply Instantly Cold FDA Approved Superior Quality Reaches therapeutic controlled temp every time Safe Time saving Provides maximum efficiency Non smear print Made in the USA",{},"https://www.safcodental.com/media/catalog/product/p/f/pfvjj.jpg?width=265&height=265&canvas=265,265&optimize=medium&fit=bounds",,structured,2026-08-19T03:51:15.294007+00:00,0dcad2c1d586edba
a867fed7450d4e58999a5f75631d6475,3020210,"Instant Cold Pack small 4"" x 10"" 24/case",Halyard,3020210,sutures-surgical-products,https://www.safcodental.com/product/instant-cold-pack,https://www.safcodental.com/product/instant-cold-pack,22.99,USD,visible,24/case,In stock,Flexible single use cold pack provides 20 minutes of therapy. Squeeze to activate; no need for refrigeration. Plastic outer wrap.,{},"https://www.safcodental.com/media/catalog/product/p/f/pfvgg.jpg?width=265&height=265&canvas=265,265&optimize=medium&fit=bounds",,structured,2026-08-19T03:51:17.263158+00:00,675e0b42ce716a0a
1f7d100ca824438baef849b9d57fbc91,3020225,"Instant Cold Pack large 6.25"" x 8.5"" 24/case",Halyard,3020225,sutures-surgical-products,https://www.safcodental.com/product/instant-cold-pack,https://www.safcodental.com/product/instant-cold-pack,22.99,USD,visible,24/case,In stock,Flexible single use cold pack provides 20 minutes of therapy. Squeeze to activate; no need for refrigeration. Plastic outer wrap.,{},"https://www.safcodental.com/media/catalog/product/p/f/pfvgg.jpg?width=265&height=265&canvas=265,265&optimize=medium&fit=bounds",,structured,2026-08-19T03:51:17.269978+00:00,66584d2cd4f9d0aa
9aacc31f03b8489da07770e49ab265ff,5102502,"Sterile water for injection USP 250ml bag, case of 24",B Braun,5102502,sutures-surgical-products,https://www.safcodental.com/product/sterile-water-for-injection-b-braun,https://www.safcodental.com/product/sterile-water-for-injection-b-braun,187.99,USD,visible,,In stock,"Due to supply chain disruptions, we are unable to accept backorders until the item is back in stock. Clear, colorless, odorless liquid. Sterile, hypotonic, nonpyrogenic, and contains no bacteriostatic or antimicrobial agents. EXCEL® IV bags feature a sturdy port system and are not manufactured with latex, PVC or DEHP. Click here to see full prescribing information",{},"https://www.safcodental.com/media/catalog/product/p/f/pfxkq.jpg?width=265&height=265&canvas=265,265&optimize=medium&fit=bounds",,structured,2026-08-19T03:51:19.250361+00:00,2f6e3aa92ce34161
f0695f2c39bd4c1faa85c457d9dbcc96,5102504,"Sterile water for injection USP 500ml bag, case of 24",B Braun,5102504,sutures-surgical-products,https://www.safcodental.com/product/sterile-water-for-injection-b-braun,https://www.safcodental.com/product/sterile-water-for-injection-b-braun,166.99,USD,visible,,In stock,"Due to supply chain disruptions, we are unable to accept backorders until the item is back in stock. Clear, colorless, odorless liquid. Sterile, hypotonic, nonpyrogenic, and contains no bacteriostatic or antimicrobial agents. EXCEL® IV bags feature a sturdy port system and are not manufactured with latex, PVC or DEHP. Click here to see full prescribing information",{},"https://www.safcodental.com/media/catalog/product/p/f/pfxkq.jpg?width=265&height=265&canvas=265,265&optimize=medium&fit=bounds",,structured,2026-08-19T03:51:19.257460+00:00,6595d06148df6da8
233c77efa458492085803df113d8fd60,5102506,"Sterile water for injection USP 1,000ml bag, case of 12",B Braun,5102506,sutures-surgical-products,https://www.safcodental.com/product/sterile-water-for-injection-b-braun,https://www.safcodental.com/product/sterile-water-for-injection-b-braun,108.49,USD,visible,,In stock,"Due to supply chain disruptions, we are unable to accept backorders until the item is back in stock. Clear, colorless, odorless liquid. Sterile, hypotonic, nonpyrogenic, and contains no bacteriostatic or antimicrobial agents. EXCEL® IV bags feature a sturdy port system and are not manufactured with latex, PVC or DEHP. Click here to see full prescribing information",{},"https://www.safcodental.com/media/catalog/product/p/f/pfxkq.jpg?width=265&height=265&canvas=265,265&optimize=medium&fit=bounds",,structured,2026-08-19T03:51:19.263589+00:00,c01134c40e380648
5ad5706e847f4e5b828f9269a7c1948d,5102508,"Sterile water for injection USP 3 liter (3,000l) bag, case of 4",B Braun,5102508,sutures-surgical-products,https://www.safcodental.com/product/sterile-water-for-injection-b-braun,https://www.safcodental.com/product/sterile-water-for-injection-b-braun,80.99,USD,visible,,In stock,"Due to supply chain disruptions, we are unable to accept backorders until the item is back in stock. Clear, colorless, odorless liquid. Sterile, hypotonic, nonpyrogenic, and contains no bacteriostatic or antimicrobial agents. EXCEL® IV bags feature a sturdy port system and are not manufactured with latex, PVC or DEHP. Click here to see full prescribing information",{},"https://www.safcodental.com/media/catalog/product/p/f/pfxkq.jpg?width=265&height=265&canvas=265,265&optimize=medium&fit=bounds",,structured,2026-08-19T03:51:19.269269+00:00,a71d272cc97bd46b
bbd12a56b3bf424aa428efd7615cc04d,5102410,"Sodium Chloride 0.9% injection USP 100ml, sleeve of 16",Baxter Healthcare,5102410,sutures-surgical-products,https://www.safcodental.com/product/sodium-chloride-0-9-for-injection-baxter,https://www.safcodental.com/product/sodium-chloride-0-9-for-injection-baxter,73.99,USD,visible,,In stock,"Due to supply chain disruptions, we are unable to accept backorders until the item is back in stock. 0.9% sodium chloride injection. Viaflex IV injection plastic container. USP sterile disposable port closure. Not made with natural rubber latex.",{},"https://www.safcodental.com/media/catalog/product/p/f/pfxhk.jpg?width=265&height=265&canvas=265,265&optimize=medium&fit=bounds",,structured,2026-08-19T03:51:21.271293+00:00,45bbfdb521a6da19
1c2bef7ba1954e78aabc4dbc4e4326fd,5102412,"Sodium Chloride 0.9% injection USP 250ml, case of 36",Baxter Healthcare,5102412,sutures-surgical-products,https://www.safcodental.com/product/sodium-chloride-0-9-for-injection-baxter,https://www.safcodental.com/product/sodium-chloride-0-9-for-injection-baxter,267.99,USD,visible,,In stock,"Due to supply chain disruptions, we are unable to accept backorders until the item is back in stock. 0.9% sodium chloride injection. Viaflex IV injection plastic container. USP sterile disposable port closure. Not made with natural rubber latex.",{},"https://www.safcodental.com/media/catalog/product/p/f/pfxhk.jpg?width=265&height=265&canvas=265,265&optimize=medium&fit=bounds",,structured,2026-08-19T03:51:21.281204+00:00,383a8c0fed824552
f7cfd4fd9609469b90a565ff1a815621,5102414,"Sodium Chloride 0.9% injection USP 500ml, case of 24",Baxter Healthcare,5102414,sutures-surgical-products,https://www.safcodental.com/product/sodium-chloride-0-9-for-injection-baxter,https://www.safcodental.com/product/sodium-chloride-0-9-for-injection-baxter,184.29,USD,visible,,In stock,"Due to supply chain disruptions, we are unable to accept backorders until the item is back in stock. 0.9% sodium chloride injection. Viaflex IV injection plastic container. USP sterile disposable port closure. Not made with natural rubber latex.",{},"https://www.safcodental.com/media/catalog/product/p/f/pfxhk.jpg?width=265&height=265&canvas=265,265&optimize=medium&fit=bounds",,structured,2026-08-19T03:51:21.291511+00:00,59330e32275784c1
db1db94064b94dd5a8d295e368e9a5fd,5102416,"Sodium Chloride 0.9% injection USP 1,000ml, case of 14",Baxter Healthcare,5102416,sutures-surgical-products,https://www.safcodental.com/product/sodium-chloride-0-9-for-injection-baxter,https://www.safcodental.com/product/sodium-chloride-0-9-for-injection-baxter,125.59,USD,visible,,In stock,"Due to supply chain disruptions, we are unable to accept backorders until the item is back in stock. 0.9% sodium chloride injection. Viaflex IV injection plastic container. USP sterile disposable port closure. Not made with natural rubber latex.",{},"https://www.safcodental.com/media/catalog/product/p/f/pfxhk.jpg?width=265&height=265&canvas=265,265&optimize=medium&fit=bounds",,structured,2026-08-19T03:51:21.300300+00:00,66f5f332e71cbce6
707b0a803c2f44399b0c0b5b5dff5ff6,5102401,"Sodium Chloride 0.9% injection USP 250ml EXCEL bag, case of 24",B Braun,5102401,sutures-surgical-products,https://www.safcodental.com/product/sodium-chloride-0-9-for-injection-b-braun,https://www.safcodental.com/product/sodium-chloride-0-9-for-injection-b-braun,132.79,USD,visible,,In stock,"Due to supply chain disruptions, we are unable to accept backorders until the item is back in stock. Indicated for extracellular fluid replacement, treatment of metabolic alkalosis in the presence of fluid loss and mild sodium depletion. Note: 250ml bags and 500ml bags come in EXCEL® IV bags, which feature a sturdy port system.  1,000ml bags come in both E3 bags, which have rounded shoulders, no overwrap, a seamless design, and the EXCEL® IV bags, which feature a sturdy port system. Both the EXCEL® and E3 bags are not manufactured with latex, PVC or DEHP.  Click here to see full prescribing information",{},"https://www.safcodental.com/media/catalog/product/p/f/pfxhj.jpg?width=265&height=265&canvas=265,265&optimize=medium&fit=bounds",,structured,2026-08-19T03:51:23.266266+00:00,37ec3cad9259d81d
642829615b7e48298a7f198b73281dbf,5102403,"Sodium Chloride 0.9% injection USP 500ml EXCEL bag, case of 24",B Braun,5102403,sutures-surgical-products,https://www.safcodental.com/product/sodium-chloride-0-9-for-injection-b-braun,https://www.safcodental.com/product/sodium-chloride-0-9-for-injection-b-braun,142.99,USD,visible,,In stock,"Due to supply chain disruptions, we are unable to accept backorders until the item is back in stock. Indicated for extracellular fluid replacement, treatment of metabolic alkalosis in the presence of fluid loss and mild sodium depletion. Note: 250ml bags and 500ml bags come in EXCEL® IV bags, which feature a sturdy port system.  1,000ml bags come in both E3 bags, which have rounded shoulders, no overwrap, a seamless design, and the EXCEL® IV bags, which feature a sturdy port system. Both the EXCEL® and E3 bags are not manufactured with latex, PVC or DEHP.  Click here to see full prescribing information",{},"https://www.safcodental.com/media/catalog/product/p/f/pfxhj.jpg?width=265&height=265&canvas=265,265&optimize=medium&fit=bounds",,structured,2026-08-19T03:51:23.272527+00:00,620a1e9f1c0e6cef
34f389911a18490a96c664bc5656316e,5102405,"Sodium Chloride 0.9% injection USP 1,000ml EXCEL bag, case of 12",B Braun,5102405,sutures-surgical-products,https://www.safcodental.com/product/sodium-chloride-0-9-for-injection-b-braun,https://www.safcodental.com/product/sodium-chloride-0-9-for-injection-b-braun,63.29,USD,visible,,In stock,"Due to supply chain disruptions, we are unable to accept backorders until the item is back in stock. Indicated for extracellular fluid replacement, treatment of metabolic alkalosis in the presence of fluid loss and mild sodium depletion. Note: 250ml bags and 500ml bags come in EXCEL® IV bags, which feature a sturdy port system.  1,000ml bags come in both E3 bags, which have rounded shoulders, no overwrap, a seamless design, and the EXCEL® IV bags, which feature a sturdy port system. Both the EXCEL® and E3 bags are not manufactured with latex, PVC or DEHP.  Click here to see full prescribing information",{},"https://www.safcodental.com/media/catalog/product/p/f/pfxhj.jpg?width=265&height=265&canvas=265,265&optimize=medium&fit=bounds",,structured,2026-08-19T03:51:23.279186+00:00,7773fff238f959cd
7a8509f972c6438196fed48bbdaefab2,5102302,"Lactated Ringer's Injection USP 500ml bag, case of 24",B Braun,5102302,sutures-surgical-products,https://www.safcodental.com/product/lactated-ringer-s,https://www.safcodental.com/product/lactated-ringer-s,170.49,USD,visible,,In stock,"Due to supply chain disruptions, we are unable to accept backorders until the item is back in stock. Sterile, nonpyrogenic and contains no bacteriostatic or antimicrobial agents. Indicated for use in adults and pediatric patients as a source of electrolytes and water for hydration. EXCEL® IV bags feature a sturdy port system and are not manufactured with latex, PVC or DEHP. Click here to see full prescribing information",{},"https://www.safcodental.com/media/catalog/product/p/f/pfxer.jpg?width=265&height=265&canvas=265,265&optimize=medium&fit=bounds",,structured,2026-08-19T03:51:25.301962+00:00,aa2185955d858533
dc8dd089a9cb4571bd2e0314469b4203,5102305,"Lactated Ringer's Injection USP 1,000ml bag, case of 12",B Braun,5102305,sutures-surgical-products,https://www.safcodental.com/product/lactated-ringer-s,https://www.safcodental.com/product/lactated-ringer-s,70.49,USD,visible,,In stock,"Due to supply chain disruptions, we are unable to accept backorders until the item is back in stock. Sterile, nonpyrogenic and contains no bacteriostatic or antimicrobial agents. Indicated for use in adults and pediatric patients as a source of electrolytes and water for hydration. EXCEL® IV bags feature a sturdy port system and are not manufactured with latex, PVC or DEHP. Click here to see full prescribing information",{},"https://www.safcodental.com/media/catalog/product/p/f/pfxer.jpg?width=265&height=265&canvas=265,265&optimize=medium&fit=bounds",,structured,2026-08-19T03:51:25.308597+00:00,8026507d316bbf11
