product_id,variant_id,name,brand,sku,category_path,url,crawl_url,price,currency,price_status,pack_size,availability,description,specifications,image_urls,alternatives,extraction_method,scraped_at,source_hash
9f8e6bfe4be8486a98a2d071fd2a58f7,7570003,"Technocut&reg; disposable scalpel #12,10/box",Myco Medical,7570003,sutures-surgical-products,https://www.safcodental.com/product/myco-medical-technocut-reg-disposable-scalpels,https://www.safcodental.com/product/myco-medical-technocut-reg-disposable-scalpels,8.99,USD,visible,10/box,In stock,"Non-slip, clear shield improves safety and enables easy blade size identification Ergonomic, non-slip plastic handle with integrated metric ruler for convenience Scalpel blades produced from high-quality Swiss stainless steel 100% automated inspection verifies the blade to handle attachment Cold-staking used for attaching blade to handle, improving consistency Scalpels manufactured in facilities that conform to ISO 13485",{},"https://www.safcodental.com/media/catalog/product/p/f/pflxa.jpg?width=265&height=265&canvas=265,265&optimize=medium&fit=bounds",,structured,2026-08-19T03:49:55.022979+00:00,b2263e6c581c12e9
e1b7cd14045e49c6be4caa9f400ca156,7570026,"Technocut&reg; disposable scalpel #12B,10/box",Myco Medical,7570026,sutures-surgical-products,https://www.safcodental.com/product/myco-medical-technocut-reg-disposable-scalpels,https://www.safcodental.com/product/myco-medical-technocut-reg-disposable-scalpels,9.49,USD,visible,10/box,In stock,"Non-slip, clear shield improves safety and enables easy blade size identification Ergonomic, non-slip plastic handle with integrated metric ruler for convenience Scalpel blades produced from high-quality Swiss stainless steel 100% automated inspection verifies the blade to handle attachment Cold-staking used for attaching blade to handle, improving consistency Scalpels manufactured in facilities that conform to ISO 13485",{},"https://www.safcodental.com/media/catalog/product/p/f/pflxa.jpg?width=265&height=265&canvas=265,265&optimize=medium&fit=bounds",,structured,2026-08-19T03:49:55.030150+00:00,51a4cb10d33fd1d5
f350bc65286c45acb5e5d6e44002b289,7570047,"Technocut&reg; disposable scalpel #11,10/box",Myco Medical,7570047,sutures-surgical-products,https://www.safcodental.com/product/myco-medical-technocut-reg-disposable-scalpels,https://www.safcodental.com/product/myco-medical-technocut-reg-disposable-scalpels,8.99,USD,visible,10/box,In stock,"Non-slip, clear shield improves safety and enables easy blade size identification Ergonomic, non-slip plastic handle with integrated metric ruler for convenience Scalpel blades produced from high-quality Swiss stainless steel 100% automated inspection verifies the blade to handle attachment Cold-staking used for attaching blade to handle, improving consistency Scalpels manufactured in facilities that conform to ISO 13485",{},"https://www.safcodental.com/media/catalog/product/p/f/pflxa.jpg?width=265&height=265&canvas=265,265&optimize=medium&fit=bounds",,structured,2026-08-19T03:49:55.036498+00:00,7aacb14b7f8e0a49
d2a80b8ecc94481ba3f18de547d9e03c,7570048,"Technocut&reg; disposable scalpel #15,10/box",Myco Medical,7570048,sutures-surgical-products,https://www.safcodental.com/product/myco-medical-technocut-reg-disposable-scalpels,https://www.safcodental.com/product/myco-medical-technocut-reg-disposable-scalpels,8.99,USD,visible,10/box,In stock,"Non-slip, clear shield improves safety and enables easy blade size identification Ergonomic, non-slip plastic handle with integrated metric ruler for convenience Scalpel blades produced from high-quality Swiss stainless steel 100% automated inspection verifies the blade to handle attachment Cold-staking used for attaching blade to handle, improving consistency Scalpels manufactured in facilities that conform to ISO 13485",{},"https://www.safcodental.com/media/catalog/product/p/f/pflxa.jpg?width=265&height=265&canvas=265,265&optimize=medium&fit=bounds",,structured,2026-08-19T03:49:55.042369+00:00,752c2b1ee9c1a82a
ccd1d95dd0ce41a2b96bef3442941e7a,7570054,#10 Technocut Disp Scalpels,Myco Medical,7570054,sutures-surgical-products,https://www.safcodental.com/product/myco-medical-technocut-reg-disposable-scalpels,https://www.safcodental.com/product/myco-medical-technocut-reg-disposable-scalpels,8.99,USD,visible,,In stock,"Non-slip, clear shield improves safety and enables easy blade size identification Ergonomic, non-slip plastic handle with integrated metric ruler for convenience Scalpel blades produced from high-quality Swiss stainless steel 100% automated inspection verifies the blade to handle attachment Cold-staking used for attaching blade to handle, improving consistency Scalpels manufactured in facilities that conform to ISO 13485",{},"https://www.safcodental.com/media/catalog/product/p/f/pflxa.jpg?width=265&height=265&canvas=265,265&optimize=medium&fit=bounds",,structured,2026-08-19T03:49:55.051112+00:00,40ee0fe77d4822f7
afa9c2ab5f55456ba230dfaac070229f,3257147,VeraGraft&trade; mineralized cortical cancellous bone .25-1.0mm 1.0cc jar,DentalProX,3257147,sutures-surgical-products,https://www.safcodental.com/product/dentalprox-veragraft-trade-dental-powder,https://www.safcodental.com/product/dentalprox-veragraft-trade-dental-powder,65.99,USD,visible,,In stock,"Safe alternative to an autograft with no need for a second surgical site Osteoconductive Used for volumetric enhancement, space maintenance, and faster remodeling Sterile ground dental powder is available in cortical, cancellous and a cortical/cancellous mix.  Validated to a sterility assurance level (SAL) of 10(-6) in accordance with ISO 11137-2 Method 1.",{},"https://www.safcodental.com/media/catalog/product/p/f/pfwvg.jpg?width=265&height=265&canvas=265,265&optimize=medium&fit=bounds",,structured,2026-08-19T03:49:57.038888+00:00,936fa972b4346ecb
0a34a587f1854cfe8f9cbe93b2ca2db7,3257148,VeraGraft&trade; mineralized cortical cancellous bone .25-1.0mm 2.5cc jar,DentalProX,3257148,sutures-surgical-products,https://www.safcodental.com/product/dentalprox-veragraft-trade-dental-powder,https://www.safcodental.com/product/dentalprox-veragraft-trade-dental-powder,127.49,USD,visible,,In stock,"Safe alternative to an autograft with no need for a second surgical site Osteoconductive Used for volumetric enhancement, space maintenance, and faster remodeling Sterile ground dental powder is available in cortical, cancellous and a cortical/cancellous mix.  Validated to a sterility assurance level (SAL) of 10(-6) in accordance with ISO 11137-2 Method 1.",{},"https://www.safcodental.com/media/catalog/product/p/f/pfwvg.jpg?width=265&height=265&canvas=265,265&optimize=medium&fit=bounds",,structured,2026-08-19T03:49:57.045157+00:00,607ff5a375f09b6b
63f9786af3e7452bbe3b49dcac8cffd3,3257149,VeraGraft&trade; mineralized cortical cancellous bone .25-1.0mm 5.0cc jar,DentalProX,3257149,sutures-surgical-products,https://www.safcodental.com/product/dentalprox-veragraft-trade-dental-powder,https://www.safcodental.com/product/dentalprox-veragraft-trade-dental-powder,219.49,USD,visible,,In stock,"Safe alternative to an autograft with no need for a second surgical site Osteoconductive Used for volumetric enhancement, space maintenance, and faster remodeling Sterile ground dental powder is available in cortical, cancellous and a cortical/cancellous mix.  Validated to a sterility assurance level (SAL) of 10(-6) in accordance with ISO 11137-2 Method 1.",{},"https://www.safcodental.com/media/catalog/product/p/f/pfwvg.jpg?width=265&height=265&canvas=265,265&optimize=medium&fit=bounds",,structured,2026-08-19T03:49:57.051817+00:00,0fcc93881eaadb32
d0ca24cec1fe4b3793d2f13866440cc7,3257150,VeraGraft&trade; mineralized cortical cancellous bone .25-1.0mm 0.25cc jar,DentalProX,3257150,sutures-surgical-products,https://www.safcodental.com/product/dentalprox-veragraft-trade-dental-powder,https://www.safcodental.com/product/dentalprox-veragraft-trade-dental-powder,30.99,USD,visible,,In stock,"Safe alternative to an autograft with no need for a second surgical site Osteoconductive Used for volumetric enhancement, space maintenance, and faster remodeling Sterile ground dental powder is available in cortical, cancellous and a cortical/cancellous mix.  Validated to a sterility assurance level (SAL) of 10(-6) in accordance with ISO 11137-2 Method 1.",{},"https://www.safcodental.com/media/catalog/product/p/f/pfwvg.jpg?width=265&height=265&canvas=265,265&optimize=medium&fit=bounds",,structured,2026-08-19T03:49:57.058028+00:00,529e53c8085bfc88
5ceda62856214e6abd87029964d5959c,3257151,VeraGraft&trade; mineralized cortical cancellous bone .25-1.0mm 0.5cc jar,DentalProX,3257151,sutures-surgical-products,https://www.safcodental.com/product/dentalprox-veragraft-trade-dental-powder,https://www.safcodental.com/product/dentalprox-veragraft-trade-dental-powder,53.49,USD,visible,,In stock,"Safe alternative to an autograft with no need for a second surgical site Osteoconductive Used for volumetric enhancement, space maintenance, and faster remodeling Sterile ground dental powder is available in cortical, cancellous and a cortical/cancellous mix.  Validated to a sterility assurance level (SAL) of 10(-6) in accordance with ISO 11137-2 Method 1.",{},"https://www.safcodental.com/media/catalog/product/p/f/pfwvg.jpg?width=265&height=265&canvas=265,265&optimize=medium&fit=bounds",,structured,2026-08-19T03:49:57.064470+00:00,283923765d0e5720
3f068d13994d47079f2df6574303006c,3257152,VeraGraft&trade; mineralized cortical bone .25-1.0mm 1.0cc jar,DentalProX,3257152,sutures-surgical-products,https://www.safcodental.com/product/dentalprox-veragraft-trade-dental-powder,https://www.safcodental.com/product/dentalprox-veragraft-trade-dental-powder,59.49,USD,visible,,In stock,"Safe alternative to an autograft with no need for a second surgical site Osteoconductive Used for volumetric enhancement, space maintenance, and faster remodeling Sterile ground dental powder is available in cortical, cancellous and a cortical/cancellous mix.  Validated to a sterility assurance level (SAL) of 10(-6) in accordance with ISO 11137-2 Method 1.",{},"https://www.safcodental.com/media/catalog/product/p/f/pfwvg.jpg?width=265&height=265&canvas=265,265&optimize=medium&fit=bounds",,structured,2026-08-19T03:49:57.070426+00:00,bff2e4a4bf298649
4aecd5ea84154f1294cc803d4a1e408a,3257153,VeraGraft&trade; mineralized cortical bone .25-1.0mm 2.0cc jar,DentalProX,3257153,sutures-surgical-products,https://www.safcodental.com/product/dentalprox-veragraft-trade-dental-powder,https://www.safcodental.com/product/dentalprox-veragraft-trade-dental-powder,115.49,USD,visible,,In stock,"Safe alternative to an autograft with no need for a second surgical site Osteoconductive Used for volumetric enhancement, space maintenance, and faster remodeling Sterile ground dental powder is available in cortical, cancellous and a cortical/cancellous mix.  Validated to a sterility assurance level (SAL) of 10(-6) in accordance with ISO 11137-2 Method 1.",{},"https://www.safcodental.com/media/catalog/product/p/f/pfwvg.jpg?width=265&height=265&canvas=265,265&optimize=medium&fit=bounds",,structured,2026-08-19T03:49:57.076384+00:00,c7382c27c0edfbfd
9e40df692ccf459ba00db2d65fd08530,3257154,VeraGraft&trade; mineralized cortical bone .25-1.0mm 2.5cc jar,DentalProX,3257154,sutures-surgical-products,https://www.safcodental.com/product/dentalprox-veragraft-trade-dental-powder,https://www.safcodental.com/product/dentalprox-veragraft-trade-dental-powder,118.99,USD,visible,,In stock,"Safe alternative to an autograft with no need for a second surgical site Osteoconductive Used for volumetric enhancement, space maintenance, and faster remodeling Sterile ground dental powder is available in cortical, cancellous and a cortical/cancellous mix.  Validated to a sterility assurance level (SAL) of 10(-6) in accordance with ISO 11137-2 Method 1.",{},"https://www.safcodental.com/media/catalog/product/p/f/pfwvg.jpg?width=265&height=265&canvas=265,265&optimize=medium&fit=bounds",,structured,2026-08-19T03:49:57.082879+00:00,ed1cad4c5ea0f1ac
37434461dab645ccab045588f5632d92,3257155,VeraGraft&trade; mineralized cortical bone .25-1.0mm 0.25cc jar,DentalProX,3257155,sutures-surgical-products,https://www.safcodental.com/product/dentalprox-veragraft-trade-dental-powder,https://www.safcodental.com/product/dentalprox-veragraft-trade-dental-powder,28.99,USD,visible,,In stock,"Safe alternative to an autograft with no need for a second surgical site Osteoconductive Used for volumetric enhancement, space maintenance, and faster remodeling Sterile ground dental powder is available in cortical, cancellous and a cortical/cancellous mix.  Validated to a sterility assurance level (SAL) of 10(-6) in accordance with ISO 11137-2 Method 1.",{},"https://www.safcodental.com/media/catalog/product/p/f/pfwvg.jpg?width=265&height=265&canvas=265,265&optimize=medium&fit=bounds",,structured,2026-08-19T03:49:57.090705+00:00,07ccebd82183ab53
a8cc29d2a7834233b833310fa6d1bc29,3257156,VeraGraft&trade; mineralized cortical bone .25-1.0mm 0.5cc jar,DentalProX,3257156,sutures-surgical-products,https://www.safcodental.com/product/dentalprox-veragraft-trade-dental-powder,https://www.safcodental.com/product/dentalprox-veragraft-trade-dental-powder,49.99,USD,visible,,In stock,"Safe alternative to an autograft with no need for a second surgical site Osteoconductive Used for volumetric enhancement, space maintenance, and faster remodeling Sterile ground dental powder is available in cortical, cancellous and a cortical/cancellous mix.  Validated to a sterility assurance level (SAL) of 10(-6) in accordance with ISO 11137-2 Method 1.",{},"https://www.safcodental.com/media/catalog/product/p/f/pfwvg.jpg?width=265&height=265&canvas=265,265&optimize=medium&fit=bounds",,structured,2026-08-19T03:49:57.097777+00:00,1e4f5109d977703a
347a5e8b395b43bda7cc02d603d6a3e9,3257157,VeraFuse&trade; demineralized bone matrix putty 0.7cc,DentalProX,3257157,sutures-surgical-products,https://www.safcodental.com/product/dentalprox-veragraft-trade-dental-powder,https://www.safcodental.com/product/dentalprox-veragraft-trade-dental-powder,107.99,USD,visible,,In stock,"Safe alternative to an autograft with no need for a second surgical site Osteoconductive Used for volumetric enhancement, space maintenance, and faster remodeling Sterile ground dental powder is available in cortical, cancellous and a cortical/cancellous mix.  Validated to a sterility assurance level (SAL) of 10(-6) in accordance with ISO 11137-2 Method 1.",{},"https://www.safcodental.com/media/catalog/product/p/f/pfwvg.jpg?width=265&height=265&canvas=265,265&optimize=medium&fit=bounds",,structured,2026-08-19T03:49:57.104223+00:00,7856cbac57f6f6b8
1d6d5ff5549e4b3097ff43e3ce9d2fa3,3257158,VeraFuse&trade; demineralized bone matrix putty 1.0cc,DentalProX,3257158,sutures-surgical-products,https://www.safcodental.com/product/dentalprox-veragraft-trade-dental-powder,https://www.safcodental.com/product/dentalprox-veragraft-trade-dental-powder,135.99,USD,visible,,In stock,"Safe alternative to an autograft with no need for a second surgical site Osteoconductive Used for volumetric enhancement, space maintenance, and faster remodeling Sterile ground dental powder is available in cortical, cancellous and a cortical/cancellous mix.  Validated to a sterility assurance level (SAL) of 10(-6) in accordance with ISO 11137-2 Method 1.",{},"https://www.safcodental.com/media/catalog/product/p/f/pfwvg.jpg?width=265&height=265&canvas=265,265&optimize=medium&fit=bounds",,structured,2026-08-19T03:49:57.112493+00:00,234716d4262c94b1
62dc2b6b7a66490abaf544e4afc97924,3257159,VeraFuse&trade; demineralized bone matrix putty 2.5cc,DentalProX,3257159,sutures-surgical-products,https://www.safcodental.com/product/dentalprox-veragraft-trade-dental-powder,https://www.safcodental.com/product/dentalprox-veragraft-trade-dental-powder,309.49,USD,visible,,In stock,"Safe alternative to an autograft with no need for a second surgical site Osteoconductive Used for volumetric enhancement, space maintenance, and faster remodeling Sterile ground dental powder is available in cortical, cancellous and a cortical/cancellous mix.  Validated to a sterility assurance level (SAL) of 10(-6) in accordance with ISO 11137-2 Method 1.",{},"https://www.safcodental.com/media/catalog/product/p/f/pfwvg.jpg?width=265&height=265&canvas=265,265&optimize=medium&fit=bounds",,structured,2026-08-19T03:49:57.118704+00:00,735b243fec441af8
3fc85f330a414de2b40d6f24dedbf8c3,7570022,"GLASSVAN&reg; surgical blades carbon steel #12B,100/box",Myco Medical,7570022,sutures-surgical-products,https://www.safcodental.com/product/myco-medical-nbsp-glassvan-reg-scalpel-blades,https://www.safcodental.com/product/myco-medical-nbsp-glassvan-reg-scalpel-blades,26.49,USD,visible,100/box,In stock,"GLASSVAN® Surgical Blades have been trusted by users around the world for more than 25 years. Automated grinding and proprietary polishing process ensure consistent, clean, and sharp cutting edges Produced from high quality Swiss carbon steel Two VCI strips ensure product and packaging integrity and reduce risk of blade piercing the foil Manufactured in FDA-inspected facilities and conform to ISO-7740 and ISO-13485 Carbon steel and stainless-steel blades are available sterile in sizes 10-25, with select sizes also available non-sterile.",{},"https://www.safcodental.com/media/catalog/product/p/f/pflwr.jpg?width=265&height=265&canvas=265,265&optimize=medium&fit=bounds",,structured,2026-08-19T03:49:59.016869+00:00,f40af75666567928
2eba9ff122434a0a9255d838c06ce240,7570023,"GLASSVAN&reg; surgical blades carbon steel #15C,100/box",Myco Medical,7570023,sutures-surgical-products,https://www.safcodental.com/product/myco-medical-nbsp-glassvan-reg-scalpel-blades,https://www.safcodental.com/product/myco-medical-nbsp-glassvan-reg-scalpel-blades,24.99,USD,visible,100/box,In stock,"GLASSVAN® Surgical Blades have been trusted by users around the world for more than 25 years. Automated grinding and proprietary polishing process ensure consistent, clean, and sharp cutting edges Produced from high quality Swiss carbon steel Two VCI strips ensure product and packaging integrity and reduce risk of blade piercing the foil Manufactured in FDA-inspected facilities and conform to ISO-7740 and ISO-13485 Carbon steel and stainless-steel blades are available sterile in sizes 10-25, with select sizes also available non-sterile.",{},"https://www.safcodental.com/media/catalog/product/p/f/pflwr.jpg?width=265&height=265&canvas=265,265&optimize=medium&fit=bounds",,structured,2026-08-19T03:49:59.023177+00:00,a93415584ce3d430
d63f0e206aa045faacc6f3523d0e527c,7570024,"GLASSVAN&reg; surgical blades stainless steel #12,100/box",Myco Medical,7570024,sutures-surgical-products,https://www.safcodental.com/product/myco-medical-nbsp-glassvan-reg-scalpel-blades,https://www.safcodental.com/product/myco-medical-nbsp-glassvan-reg-scalpel-blades,35.49,USD,visible,100/box,In stock,"GLASSVAN® Surgical Blades have been trusted by users around the world for more than 25 years. Automated grinding and proprietary polishing process ensure consistent, clean, and sharp cutting edges Produced from high quality Swiss carbon steel Two VCI strips ensure product and packaging integrity and reduce risk of blade piercing the foil Manufactured in FDA-inspected facilities and conform to ISO-7740 and ISO-13485 Carbon steel and stainless-steel blades are available sterile in sizes 10-25, with select sizes also available non-sterile.",{},"https://www.safcodental.com/media/catalog/product/p/f/pflwr.jpg?width=265&height=265&canvas=265,265&optimize=medium&fit=bounds",,structured,2026-08-19T03:49:59.029806+00:00,c18e224d715d00df
8340306dfcf946cbb2eee928222d2b00,7570042,"GLASSVAN&reg; surgical blades carbon steel #15,100/box",Myco Medical,7570042,sutures-surgical-products,https://www.safcodental.com/product/myco-medical-nbsp-glassvan-reg-scalpel-blades,https://www.safcodental.com/product/myco-medical-nbsp-glassvan-reg-scalpel-blades,25.49,USD,visible,100/box,In stock,"GLASSVAN® Surgical Blades have been trusted by users around the world for more than 25 years. Automated grinding and proprietary polishing process ensure consistent, clean, and sharp cutting edges Produced from high quality Swiss carbon steel Two VCI strips ensure product and packaging integrity and reduce risk of blade piercing the foil Manufactured in FDA-inspected facilities and conform to ISO-7740 and ISO-13485 Carbon steel and stainless-steel blades are available sterile in sizes 10-25, with select sizes also available non-sterile.",{},"https://www.safcodental.com/media/catalog/product/p/f/pflwr.jpg?width=265&height=265&canvas=265,265&optimize=medium&fit=bounds",,structured,2026-08-19T03:49:59.037341+00:00,dd1098495678552f
ab82e11bcab74c73a0b0e84ed2055178,7570043,"GLASSVAN&reg; surgical blades stainless steel #11,100/box",Myco Medical,7570043,sutures-surgical-products,https://www.safcodental.com/product/myco-medical-nbsp-glassvan-reg-scalpel-blades,https://www.safcodental.com/product/myco-medical-nbsp-glassvan-reg-scalpel-blades,35.49,USD,visible,100/box,In stock,"GLASSVAN® Surgical Blades have been trusted by users around the world for more than 25 years. Automated grinding and proprietary polishing process ensure consistent, clean, and sharp cutting edges Produced from high quality Swiss carbon steel Two VCI strips ensure product and packaging integrity and reduce risk of blade piercing the foil Manufactured in FDA-inspected facilities and conform to ISO-7740 and ISO-13485 Carbon steel and stainless-steel blades are available sterile in sizes 10-25, with select sizes also available non-sterile.",{},"https://www.safcodental.com/media/catalog/product/p/f/pflwr.jpg?width=265&height=265&canvas=265,265&optimize=medium&fit=bounds",,structured,2026-08-19T03:49:59.044833+00:00,a6e2ef675d9d7bed
39f46061d3d34b6f94a39425e3d4804d,7570044,"GLASSVAN&reg; surgical blades stainless steel #15,100/box",Myco Medical,7570044,sutures-surgical-products,https://www.safcodental.com/product/myco-medical-nbsp-glassvan-reg-scalpel-blades,https://www.safcodental.com/product/myco-medical-nbsp-glassvan-reg-scalpel-blades,35.49,USD,visible,100/box,In stock,"GLASSVAN® Surgical Blades have been trusted by users around the world for more than 25 years. Automated grinding and proprietary polishing process ensure consistent, clean, and sharp cutting edges Produced from high quality Swiss carbon steel Two VCI strips ensure product and packaging integrity and reduce risk of blade piercing the foil Manufactured in FDA-inspected facilities and conform to ISO-7740 and ISO-13485 Carbon steel and stainless-steel blades are available sterile in sizes 10-25, with select sizes also available non-sterile.",{},"https://www.safcodental.com/media/catalog/product/p/f/pflwr.jpg?width=265&height=265&canvas=265,265&optimize=medium&fit=bounds",,structured,2026-08-19T03:49:59.052609+00:00,22e68e5015b7e76b
fd63b22482954ad49bcd34906f14f941,7570045,"GLASSVAN&reg; surgical blades stainless steel #15C,100/box",Myco Medical,7570045,sutures-surgical-products,https://www.safcodental.com/product/myco-medical-nbsp-glassvan-reg-scalpel-blades,https://www.safcodental.com/product/myco-medical-nbsp-glassvan-reg-scalpel-blades,35.49,USD,visible,100/box,In stock,"GLASSVAN® Surgical Blades have been trusted by users around the world for more than 25 years. Automated grinding and proprietary polishing process ensure consistent, clean, and sharp cutting edges Produced from high quality Swiss carbon steel Two VCI strips ensure product and packaging integrity and reduce risk of blade piercing the foil Manufactured in FDA-inspected facilities and conform to ISO-7740 and ISO-13485 Carbon steel and stainless-steel blades are available sterile in sizes 10-25, with select sizes also available non-sterile.",{},"https://www.safcodental.com/media/catalog/product/p/f/pflwr.jpg?width=265&height=265&canvas=265,265&optimize=medium&fit=bounds",,structured,2026-08-19T03:49:59.059564+00:00,8b589fda39bc3ac1
e693bcb49b0b4824b94d4453b43ef031,7570050,"GLASSVAN&reg; surgical blades carbon steel #10,100/box",Myco Medical,7570050,sutures-surgical-products,https://www.safcodental.com/product/myco-medical-nbsp-glassvan-reg-scalpel-blades,https://www.safcodental.com/product/myco-medical-nbsp-glassvan-reg-scalpel-blades,25.99,USD,visible,100/box,In stock,"GLASSVAN® Surgical Blades have been trusted by users around the world for more than 25 years. Automated grinding and proprietary polishing process ensure consistent, clean, and sharp cutting edges Produced from high quality Swiss carbon steel Two VCI strips ensure product and packaging integrity and reduce risk of blade piercing the foil Manufactured in FDA-inspected facilities and conform to ISO-7740 and ISO-13485 Carbon steel and stainless-steel blades are available sterile in sizes 10-25, with select sizes also available non-sterile.",{},"https://www.safcodental.com/media/catalog/product/p/f/pflwr.jpg?width=265&height=265&canvas=265,265&optimize=medium&fit=bounds",,structured,2026-08-19T03:49:59.066086+00:00,3860f6aa1970a325
b19b33117c3a4021a479e79035ca85a9,7570051,"GLASSVAN&reg; surgical blades carbon steel #11,100/box",Myco Medical,7570051,sutures-surgical-products,https://www.safcodental.com/product/myco-medical-nbsp-glassvan-reg-scalpel-blades,https://www.safcodental.com/product/myco-medical-nbsp-glassvan-reg-scalpel-blades,26.49,USD,visible,100/box,In stock,"GLASSVAN® Surgical Blades have been trusted by users around the world for more than 25 years. Automated grinding and proprietary polishing process ensure consistent, clean, and sharp cutting edges Produced from high quality Swiss carbon steel Two VCI strips ensure product and packaging integrity and reduce risk of blade piercing the foil Manufactured in FDA-inspected facilities and conform to ISO-7740 and ISO-13485 Carbon steel and stainless-steel blades are available sterile in sizes 10-25, with select sizes also available non-sterile.",{},"https://www.safcodental.com/media/catalog/product/p/f/pflwr.jpg?width=265&height=265&canvas=265,265&optimize=medium&fit=bounds",,structured,2026-08-19T03:49:59.073125+00:00,a1aafd09e0ceb3cd
8da6356dfa814ae4af557820a541abfe,7570052,"GLASSVAN&reg; surgical blades carbon steel #12,100/box",Myco Medical,7570052,sutures-surgical-products,https://www.safcodental.com/product/myco-medical-nbsp-glassvan-reg-scalpel-blades,https://www.safcodental.com/product/myco-medical-nbsp-glassvan-reg-scalpel-blades,26.49,USD,visible,100/box,In stock,"GLASSVAN® Surgical Blades have been trusted by users around the world for more than 25 years. Automated grinding and proprietary polishing process ensure consistent, clean, and sharp cutting edges Produced from high quality Swiss carbon steel Two VCI strips ensure product and packaging integrity and reduce risk of blade piercing the foil Manufactured in FDA-inspected facilities and conform to ISO-7740 and ISO-13485 Carbon steel and stainless-steel blades are available sterile in sizes 10-25, with select sizes also available non-sterile.",{},"https://www.safcodental.com/media/catalog/product/p/f/pflwr.jpg?width=265&height=265&canvas=265,265&optimize=medium&fit=bounds",,structured,2026-08-19T03:49:59.079820+00:00,74ca7e8feeb04bf8
784ae986f37d432aa00aa9c69913422e,7570053,"GLASSVAN&reg; surgical blades stainless steel #12B,100/box",Myco Medical,7570053,sutures-surgical-products,https://www.safcodental.com/product/myco-medical-nbsp-glassvan-reg-scalpel-blades,https://www.safcodental.com/product/myco-medical-nbsp-glassvan-reg-scalpel-blades,35.49,USD,visible,100/box,In stock,"GLASSVAN® Surgical Blades have been trusted by users around the world for more than 25 years. Automated grinding and proprietary polishing process ensure consistent, clean, and sharp cutting edges Produced from high quality Swiss carbon steel Two VCI strips ensure product and packaging integrity and reduce risk of blade piercing the foil Manufactured in FDA-inspected facilities and conform to ISO-7740 and ISO-13485 Carbon steel and stainless-steel blades are available sterile in sizes 10-25, with select sizes also available non-sterile.",{},"https://www.safcodental.com/media/catalog/product/p/f/pflwr.jpg?width=265&height=265&canvas=265,265&optimize=medium&fit=bounds",,structured,2026-08-19T03:49:59.088315+00:00,7cdddd0474f2de22
a09bb8b3d1a34e13bf93f577d4d84a23,3541630,R.T.R. membrane small (15mm x 20mm) 1/pkg,Septodont,3541630,sutures-surgical-products,https://www.safcodental.com/product/r-t-r-membrane,https://www.safcodental.com/product/r-t-r-membrane,108.99,USD,visible,1/pk,In stock,"Biocompatible Type I bovine Achilles tendon collagen. The absorbable, implantable material creates a barrier to protect PDL development from fast growing tissues. Supports wound stabilization and allows essential nutrients to pass through. Indicated for GTR procedures. Absorbable within 4-8 weeks. Appears white in the dry state; translucent and non-slippery when wet. Cut to size and shape.",{},"https://www.safcodental.com/media/catalog/product/p/f/pfwrx.jpg?width=265&height=265&canvas=265,265&optimize=medium&fit=bounds",,structured,2026-08-19T03:50:01.036321+00:00,129d9d5bee46b402
3252a657ff994650851944b5bdca3d79,3541632,R.T.R. membrane medium (20mm x 30mm) 1/pkg,Septodont,3541632,sutures-surgical-products,https://www.safcodental.com/product/r-t-r-membrane,https://www.safcodental.com/product/r-t-r-membrane,129.99,USD,visible,1/pk,In stock,"Biocompatible Type I bovine Achilles tendon collagen. The absorbable, implantable material creates a barrier to protect PDL development from fast growing tissues. Supports wound stabilization and allows essential nutrients to pass through. Indicated for GTR procedures. Absorbable within 4-8 weeks. Appears white in the dry state; translucent and non-slippery when wet. Cut to size and shape.",{},"https://www.safcodental.com/media/catalog/product/p/f/pfwrx.jpg?width=265&height=265&canvas=265,265&optimize=medium&fit=bounds",,structured,2026-08-19T03:50:01.042900+00:00,34e50c4a20fcf4c0
37158d232efa484ab10d0c1784e57d98,4605716,Soft Tissue Trimmer regular 1/pk,Kerr Rotary,4605716,sutures-surgical-products,https://www.safcodental.com/product/soft-tissue-trimmer,https://www.safcodental.com/product/soft-tissue-trimmer,144.99,USD,visible,1/pk,In stock,FG bur designed for soft tissue surgery. Can be used as an alternative to electrosurgery and surgical blades; functions as a rotating scalpel for soft tissue that promotes coagulation for minimal bleeding. Biocompatible hard oxide point cuts tissue without burning. Autoclavable.,{},"https://www.safcodental.com/media/catalog/product/p/f/pflwh.jpg?width=265&height=265&canvas=265,265&optimize=medium&fit=bounds",,structured,2026-08-19T03:50:03.037692+00:00,9d5d2e6c72fb9e8a
e2ec88d1384d432da19a67467137b5dd,4605738,Soft Tissue Trimmer long 1/pk,Kerr Rotary,4605738,sutures-surgical-products,https://www.safcodental.com/product/soft-tissue-trimmer,https://www.safcodental.com/product/soft-tissue-trimmer,144.99,USD,visible,1/pk,In stock,FG bur designed for soft tissue surgery. Can be used as an alternative to electrosurgery and surgical blades; functions as a rotating scalpel for soft tissue that promotes coagulation for minimal bleeding. Biocompatible hard oxide point cuts tissue without burning. Autoclavable.,{},"https://www.safcodental.com/media/catalog/product/p/f/pflwh.jpg?width=265&height=265&canvas=265,265&optimize=medium&fit=bounds",,structured,2026-08-19T03:50:03.043639+00:00,3036ec768d974d42
22b05c8581ad4c809bccfcfb5cb73dbd,3541626,"R.T.R.+ 80/20 formulation, 0.5cc syringe",Septodont,3541626,sutures-surgical-products,https://www.safcodental.com/product/r-t-r-syringe,https://www.safcodental.com/product/r-t-r-syringe,152.99,USD,visible,,In stock,"Sterile and fully resorbable synthetic bone grafting material. Ideal osteogenic matrix mimics human bone. Available in 2 biphasic β-TCP (β-Tricalcium phosphate) / Hydroxyapatite formulations: 40%/60%: New bone formation gradually forms at the same pace as natural bone. 80%/20%: New natural bone will generate at an accelerated pace. Indications include: post-extraction socket preservation, periodontal defects, infrabony defects, peri-implant defects, sinus lift, ridge augmentation, and cystic cavities.",{},"https://www.safcodental.com/media/catalog/product/p/f/pfwru.jpg?width=265&height=265&canvas=265,265&optimize=medium&fit=bounds",,structured,2026-08-19T03:50:05.058387+00:00,c443120469e5e37e
6b96581450ad4de2aa2c9004e35a03b4,3541627,"R.T.R.+ 40/60 formulation, 0.5cc syringe",Septodont,3541627,sutures-surgical-products,https://www.safcodental.com/product/r-t-r-syringe,https://www.safcodental.com/product/r-t-r-syringe,152.99,USD,visible,,In stock,"Sterile and fully resorbable synthetic bone grafting material. Ideal osteogenic matrix mimics human bone. Available in 2 biphasic β-TCP (β-Tricalcium phosphate) / Hydroxyapatite formulations: 40%/60%: New bone formation gradually forms at the same pace as natural bone. 80%/20%: New natural bone will generate at an accelerated pace. Indications include: post-extraction socket preservation, periodontal defects, infrabony defects, peri-implant defects, sinus lift, ridge augmentation, and cystic cavities.",{},"https://www.safcodental.com/media/catalog/product/p/f/pfwru.jpg?width=265&height=265&canvas=265,265&optimize=medium&fit=bounds",,structured,2026-08-19T03:50:05.066175+00:00,5065223f5788f1b7
d461c9a7f829416c8b5b018851f01859,3274478,#15 Safety Scalpels 10/pkg.,Integra Miltex,3274478,sutures-surgical-products,https://www.safcodental.com/product/safety-scalpels,https://www.safcodental.com/product/safety-scalpels,38.49,USD,visible,10/pk,In stock,"Retractable blade scalpel offers ultimate safety. Sterile Stainless steel, razor-sharp cutting edge. Advance blade with slider in one motion. Blade locks into place with audible confirmation. Retract with one motion to protected position. Metric ruler on each scalpel. Individually packaged.  ",{},"https://www.safcodental.com/media/catalog/product/p/f/pflvz.jpg?width=265&height=265&canvas=265,265&optimize=medium&fit=bounds",,structured,2026-08-19T03:50:07.038258+00:00,a3945ca925a592e7
be0aaf6280e74897859f5289f1072a7b,3274479,#15C Safety Scalpels 10/pkg.,Integra Miltex,3274479,sutures-surgical-products,https://www.safcodental.com/product/safety-scalpels,https://www.safcodental.com/product/safety-scalpels,38.49,USD,visible,10/pk,In stock,"Retractable blade scalpel offers ultimate safety. Sterile Stainless steel, razor-sharp cutting edge. Advance blade with slider in one motion. Blade locks into place with audible confirmation. Retract with one motion to protected position. Metric ruler on each scalpel. Individually packaged.  ",{},"https://www.safcodental.com/media/catalog/product/p/f/pflvz.jpg?width=265&height=265&canvas=265,265&optimize=medium&fit=bounds",,structured,2026-08-19T03:50:07.045985+00:00,bd0adbf4545151ab
5566fcf46edb4e9f954376b9a21e8b75,6130070,"Regenafill Bone Graft Plug posterior 10mm x 20mm, 5/pack",Surgical Esthetics,6130070,sutures-surgical-products,https://www.safcodental.com/product/regenafill-sup-trade-sup-bone-graft-plug,https://www.safcodental.com/product/regenafill-sup-trade-sup-bone-graft-plug,259.99,USD,visible,5/pack,In stock,"Composed of 80% carbonate phosphate based mineral with a carbonate apatite structure combined with 20% Type I Achilles bovine tendon collagen. This mineral is physically and chemically comparable to the mineralized matrix of human bone, which makes it an excellent choice for socket preservation. No membrane needed in most cases.   Intended for use in dental surgery including: • Augmentation or reconstructive treatment of the alveolar ridge.• Filling of infrabony periodontal defects.• Filling of defects after root resection, apicoectomy, and cystectomy.• Filling of extraction sockets to enhance preservation of alveolar ridge.• Elevation of the maxillary sinus floor.• Filling of periodontal defects in conjunction with GTR. • Filling of peri-implant defects in conjunction with GBR.",{},"https://www.safcodental.com/media/catalog/product/p/f/pfwrl.jpg?width=265&height=265&canvas=265,265&optimize=medium&fit=bounds",,structured,2026-08-19T03:50:09.065893+00:00,33326edcacedbfcc
76cb2261494f49c6bfc70bc909f79061,6130072,"Regenafill Bone Graft Plug anterior 6mm x 25mm, 5/pack",Surgical Esthetics,6130072,sutures-surgical-products,https://www.safcodental.com/product/regenafill-sup-trade-sup-bone-graft-plug,https://www.safcodental.com/product/regenafill-sup-trade-sup-bone-graft-plug,259.99,USD,visible,5/pack,In stock,"Composed of 80% carbonate phosphate based mineral with a carbonate apatite structure combined with 20% Type I Achilles bovine tendon collagen. This mineral is physically and chemically comparable to the mineralized matrix of human bone, which makes it an excellent choice for socket preservation. No membrane needed in most cases.   Intended for use in dental surgery including: • Augmentation or reconstructive treatment of the alveolar ridge.• Filling of infrabony periodontal defects.• Filling of defects after root resection, apicoectomy, and cystectomy.• Filling of extraction sockets to enhance preservation of alveolar ridge.• Elevation of the maxillary sinus floor.• Filling of periodontal defects in conjunction with GTR. • Filling of peri-implant defects in conjunction with GBR.",{},"https://www.safcodental.com/media/catalog/product/p/f/pfwrl.jpg?width=265&height=265&canvas=265,265&optimize=medium&fit=bounds",,structured,2026-08-19T03:50:09.072150+00:00,5f8eb27bd8b2fa0d
1e1d2a12d8ad4c6d806e3f61f98bbe3d,3435243,390C Feather Microsurgical Blade 10/box,J. Morita,3435243,sutures-surgical-products,https://www.safcodental.com/product/feather-sup-reg-nbsp-sup-microsurgical-blades,https://www.safcodental.com/product/feather-sup-reg-nbsp-sup-microsurgical-blades,89.99,USD,visible,10/box,In stock,"Advanced instrument system of interchangeable blades and handles. Ultra-sharp, retains cutting efficiency. Ideal for microsurgery & use with a microscope. Optimal shapes & blade thickness. Small tips for surgical precision. Variety of applications including periodontal & regenerative surgery. Multiple handle designs. Made of high-quality stainless steel All blades are gamma-sterilized and can be used immediately after opening the package. ",{},"https://www.safcodental.com/media/catalog/product/p/f/pflvv.jpg?width=265&height=265&canvas=265,265&optimize=medium&fit=bounds",,structured,2026-08-19T03:50:11.069507+00:00,b4e57841ade0241a
859157beca7a401da0c366043d9359c2,3435263,390 Feather Microsurgical Blade 10/box,J. Morita,3435263,sutures-surgical-products,https://www.safcodental.com/product/feather-sup-reg-nbsp-sup-microsurgical-blades,https://www.safcodental.com/product/feather-sup-reg-nbsp-sup-microsurgical-blades,89.99,USD,visible,10/box,In stock,"Advanced instrument system of interchangeable blades and handles. Ultra-sharp, retains cutting efficiency. Ideal for microsurgery & use with a microscope. Optimal shapes & blade thickness. Small tips for surgical precision. Variety of applications including periodontal & regenerative surgery. Multiple handle designs. Made of high-quality stainless steel All blades are gamma-sterilized and can be used immediately after opening the package. ",{},"https://www.safcodental.com/media/catalog/product/p/f/pflvv.jpg?width=265&height=265&canvas=265,265&optimize=medium&fit=bounds",,structured,2026-08-19T03:50:11.075933+00:00,e0304ec8120867af
e5cf4a48864245d4b8d620e57e0eca4c,3435264,391 Feather Microsurgical Blade 10/box,J. Morita,3435264,sutures-surgical-products,https://www.safcodental.com/product/feather-sup-reg-nbsp-sup-microsurgical-blades,https://www.safcodental.com/product/feather-sup-reg-nbsp-sup-microsurgical-blades,89.99,USD,visible,10/box,In stock,"Advanced instrument system of interchangeable blades and handles. Ultra-sharp, retains cutting efficiency. Ideal for microsurgery & use with a microscope. Optimal shapes & blade thickness. Small tips for surgical precision. Variety of applications including periodontal & regenerative surgery. Multiple handle designs. Made of high-quality stainless steel All blades are gamma-sterilized and can be used immediately after opening the package. ",{},"https://www.safcodental.com/media/catalog/product/p/f/pflvv.jpg?width=265&height=265&canvas=265,265&optimize=medium&fit=bounds",,structured,2026-08-19T03:50:11.081909+00:00,485cca8d1b751af9
5b0db831cbdb40e6a459fcd36c41c3d0,3435265,350 Feather Microsurgical Blade 10/box,J. Morita,3435265,sutures-surgical-products,https://www.safcodental.com/product/feather-sup-reg-nbsp-sup-microsurgical-blades,https://www.safcodental.com/product/feather-sup-reg-nbsp-sup-microsurgical-blades,89.99,USD,visible,10/box,In stock,"Advanced instrument system of interchangeable blades and handles. Ultra-sharp, retains cutting efficiency. Ideal for microsurgery & use with a microscope. Optimal shapes & blade thickness. Small tips for surgical precision. Variety of applications including periodontal & regenerative surgery. Multiple handle designs. Made of high-quality stainless steel All blades are gamma-sterilized and can be used immediately after opening the package. ",{},"https://www.safcodental.com/media/catalog/product/p/f/pflvv.jpg?width=265&height=265&canvas=265,265&optimize=medium&fit=bounds",,structured,2026-08-19T03:50:11.087834+00:00,3b2e520af0251ad3
2dff4eceb2494668a169a0549fcef776,2580512,Surgifoam sponges 2cm x 6cm x 0.7cm 12/box,Ethicon,2580512,sutures-surgical-products,https://www.safcodental.com/product/surgifoam-reg,https://www.safcodental.com/product/surgifoam-reg,214.49,USD,visible,12/box,In stock,"Sterile, water insoluble, malleable porcine gelatin absorbable sponge, intended for hemostatic use by applying to a bleeding surface.",{},"https://www.safcodental.com/media/catalog/product/p/f/pfpjk.jpg?width=265&height=265&canvas=265,265&optimize=medium&fit=bounds",,structured,2026-08-19T03:50:13.063929+00:00,83a4d496ec293f1e
b730c7c0367c4ab488dce5b644519f8e,2580524,Surgifoam sponges 1cm x 1cm x 1cm 24/box,Ethicon,2580524,sutures-surgical-products,https://www.safcodental.com/product/surgifoam-reg,https://www.safcodental.com/product/surgifoam-reg,251.99,USD,visible,24/box,In stock,"Sterile, water insoluble, malleable porcine gelatin absorbable sponge, intended for hemostatic use by applying to a bleeding surface.",{},"https://www.safcodental.com/media/catalog/product/p/f/pfpjk.jpg?width=265&height=265&canvas=265,265&optimize=medium&fit=bounds",,structured,2026-08-19T03:50:13.069660+00:00,400ddf33b6aa5ca6
e51220d9e1ac4880a218252487419b22,6130102,Ossify Cortical Bone Sheet 15x20mm,Surgical Esthetics,6130102,sutures-surgical-products,https://www.safcodental.com/product/ossify-sup-reg-sup-cortical-bone-sheet,https://www.safcodental.com/product/ossify-sup-reg-sup-cortical-bone-sheet,149.49,USD,visible,,In stock,"Ossify Bone Sheet is 100% laminar cortical bone that has been demineralized, which makes it flexible allowing it to be contoured, molded and trimmed. This enables it to be used as a membrane and can be screwed, tacked or sutured into place. It can be placed alone or in combination with particulate allograft to regenerate larger defects. It comes pre-hydrated and ready to use.    ",{},"https://www.safcodental.com/media/catalog/product/p/f/pfwrg.jpg?width=265&height=265&canvas=265,265&optimize=medium&fit=bounds",,structured,2026-08-19T03:50:15.062735+00:00,e2ed2d50cc0e3904
8d169f187aac4d0dbb3e03277c62aa28,6130104,Ossify Cortical Bone Sheet 20x30mm,Surgical Esthetics,6130104,sutures-surgical-products,https://www.safcodental.com/product/ossify-sup-reg-sup-cortical-bone-sheet,https://www.safcodental.com/product/ossify-sup-reg-sup-cortical-bone-sheet,260.99,USD,visible,,In stock,"Ossify Bone Sheet is 100% laminar cortical bone that has been demineralized, which makes it flexible allowing it to be contoured, molded and trimmed. This enables it to be used as a membrane and can be screwed, tacked or sutured into place. It can be placed alone or in combination with particulate allograft to regenerate larger defects. It comes pre-hydrated and ready to use.    ",{},"https://www.safcodental.com/media/catalog/product/p/f/pfwrg.jpg?width=265&height=265&canvas=265,265&optimize=medium&fit=bounds",,structured,2026-08-19T03:50:15.068597+00:00,93af363e13762c13
6bfed910f04444bfbe2196de89f1723e,3274102,disposable scalpel #10 10/box,Integra Miltex,3274102,sutures-surgical-products,https://www.safcodental.com/product/disposable-scalpels-integra-miltex,https://www.safcodental.com/product/disposable-scalpels-integra-miltex,19.49,USD,visible,10/box,In stock,Sterile disposable scalpel; plastic handle with a stainless steel blade. Razor sharp for superior cutting and a clean incision.,{},"https://www.safcodental.com/media/catalog/product/p/f/pflun.jpg?width=265&height=265&canvas=265,265&optimize=medium&fit=bounds",,structured,2026-08-19T03:50:17.064939+00:00,8e0cbf66403dc924
eb441a4a7d1c4b728a3f75b580ff65f1,3274104,disposable scalpel #11 10/box,Integra Miltex,3274104,sutures-surgical-products,https://www.safcodental.com/product/disposable-scalpels-integra-miltex,https://www.safcodental.com/product/disposable-scalpels-integra-miltex,19.49,USD,visible,10/box,In stock,Sterile disposable scalpel; plastic handle with a stainless steel blade. Razor sharp for superior cutting and a clean incision.,{},"https://www.safcodental.com/media/catalog/product/p/f/pflun.jpg?width=265&height=265&canvas=265,265&optimize=medium&fit=bounds",,structured,2026-08-19T03:50:17.071782+00:00,cdff6b5c6ed0f005
4d9939c975444b36912de1deb4b75cac,3274106,disposable scalpel #12 10/box,Integra Miltex,3274106,sutures-surgical-products,https://www.safcodental.com/product/disposable-scalpels-integra-miltex,https://www.safcodental.com/product/disposable-scalpels-integra-miltex,19.49,USD,visible,10/box,In stock,Sterile disposable scalpel; plastic handle with a stainless steel blade. Razor sharp for superior cutting and a clean incision.,{},"https://www.safcodental.com/media/catalog/product/p/f/pflun.jpg?width=265&height=265&canvas=265,265&optimize=medium&fit=bounds",,structured,2026-08-19T03:50:17.077988+00:00,8b6e707c2a09589c
834750df664b45b48064a8108ece332d,3274108,disposable scalpel #15 10/box,Integra Miltex,3274108,sutures-surgical-products,https://www.safcodental.com/product/disposable-scalpels-integra-miltex,https://www.safcodental.com/product/disposable-scalpels-integra-miltex,19.49,USD,visible,10/box,In stock,Sterile disposable scalpel; plastic handle with a stainless steel blade. Razor sharp for superior cutting and a clean incision.,{},"https://www.safcodental.com/media/catalog/product/p/f/pflun.jpg?width=265&height=265&canvas=265,265&optimize=medium&fit=bounds",,structured,2026-08-19T03:50:17.085740+00:00,6c63b78730375897
315733aa29e14e56b07aa1c1064ac063,2580213,"Surgicel ��"" x 2"" sterile packets 12/box",Ethicon,2580213,sutures-surgical-products,https://www.safcodental.com/product/surgicel-reg,https://www.safcodental.com/product/surgicel-reg,1118.99,USD,visible,12/box,In stock,"Sterile, shear-weave, absorbable hemostat used to control bleeding in tooth extractions and oral surgery. Produced from oxidized regenerated cellulose to ensure purity and consistency. Fully absorbable within 7-14 days. Strong yet flexible and malleable to conform to irregular surfaces; may be folded or cut to size.",{},"https://www.safcodental.com/media/catalog/product/p/f/pfphj.jpg?width=265&height=265&canvas=265,265&optimize=medium&fit=bounds",,structured,2026-08-19T03:50:19.093174+00:00,d9f426e29b83dedd
7e332d59bdb149499fac1529906d6e16,6130089,Ossify DBM Cortical Fiber Bone Graft 0.5cc jar,Surgical Esthetics,6130089,sutures-surgical-products,https://www.safcodental.com/product/ossify-sup-reg-sup-dbm-cortical-fiber-bone-graft,https://www.safcodental.com/product/ossify-sup-reg-sup-dbm-cortical-fiber-bone-graft,121.49,USD,visible,,In stock,"Ossify DBM Fiber is a next generation bone allograft composed of interwoven demineralized cortical bone fibers. It is configured both by itself and with the addition of 1-1.5mm mineralized cancellous particles. This unique allograft provides an ideal scaffold for bone formation with its extremely high surface area and its optimum shape conforming properties, making it highly osteoconductive. In addition, it has great osteoinductive potential due to the specialized demineralized process. The graft hydrates very uniformly with PRP, blood or saline for maximum handling. It can be used in a variety of surgical applications, including socket grafting, GBR, sinus augmentation, and other bone grafting procedures.",{},"https://www.safcodental.com/media/catalog/product/p/f/pfwrf.jpg?width=265&height=265&canvas=265,265&optimize=medium&fit=bounds",,structured,2026-08-19T03:50:21.078388+00:00,b63ac6adb8e810c7
4817c666e8a946419e22773dcb13207a,6130091,Ossify DBM Cortical Fiber Bone Graft 1cc jar,Surgical Esthetics,6130091,sutures-surgical-products,https://www.safcodental.com/product/ossify-sup-reg-sup-dbm-cortical-fiber-bone-graft,https://www.safcodental.com/product/ossify-sup-reg-sup-dbm-cortical-fiber-bone-graft,182.49,USD,visible,,In stock,"Ossify DBM Fiber is a next generation bone allograft composed of interwoven demineralized cortical bone fibers. It is configured both by itself and with the addition of 1-1.5mm mineralized cancellous particles. This unique allograft provides an ideal scaffold for bone formation with its extremely high surface area and its optimum shape conforming properties, making it highly osteoconductive. In addition, it has great osteoinductive potential due to the specialized demineralized process. The graft hydrates very uniformly with PRP, blood or saline for maximum handling. It can be used in a variety of surgical applications, including socket grafting, GBR, sinus augmentation, and other bone grafting procedures.",{},"https://www.safcodental.com/media/catalog/product/p/f/pfwrf.jpg?width=265&height=265&canvas=265,265&optimize=medium&fit=bounds",,structured,2026-08-19T03:50:21.085944+00:00,55a750ecf96aa522
eea70d48a4364f9e89a07d5120381dce,6130093,Ossify DBM Cortical Fiber Bone Graft 2cc jar,Surgical Esthetics,6130093,sutures-surgical-products,https://www.safcodental.com/product/ossify-sup-reg-sup-dbm-cortical-fiber-bone-graft,https://www.safcodental.com/product/ossify-sup-reg-sup-dbm-cortical-fiber-bone-graft,279.49,USD,visible,,In stock,"Ossify DBM Fiber is a next generation bone allograft composed of interwoven demineralized cortical bone fibers. It is configured both by itself and with the addition of 1-1.5mm mineralized cancellous particles. This unique allograft provides an ideal scaffold for bone formation with its extremely high surface area and its optimum shape conforming properties, making it highly osteoconductive. In addition, it has great osteoinductive potential due to the specialized demineralized process. The graft hydrates very uniformly with PRP, blood or saline for maximum handling. It can be used in a variety of surgical applications, including socket grafting, GBR, sinus augmentation, and other bone grafting procedures.",{},"https://www.safcodental.com/media/catalog/product/p/f/pfwrf.jpg?width=265&height=265&canvas=265,265&optimize=medium&fit=bounds",,structured,2026-08-19T03:50:21.092744+00:00,20a948616cadb152
32b9965b3c014fa7bb672e34cdd94441,6130095,Ossify DBM Cortical Fiber Bone Graft with 1-1.5mm chips 0.5cc jar,Surgical Esthetics,6130095,sutures-surgical-products,https://www.safcodental.com/product/ossify-sup-reg-sup-dbm-cortical-fiber-bone-graft,https://www.safcodental.com/product/ossify-sup-reg-sup-dbm-cortical-fiber-bone-graft,130.49,USD,visible,,In stock,"Ossify DBM Fiber is a next generation bone allograft composed of interwoven demineralized cortical bone fibers. It is configured both by itself and with the addition of 1-1.5mm mineralized cancellous particles. This unique allograft provides an ideal scaffold for bone formation with its extremely high surface area and its optimum shape conforming properties, making it highly osteoconductive. In addition, it has great osteoinductive potential due to the specialized demineralized process. The graft hydrates very uniformly with PRP, blood or saline for maximum handling. It can be used in a variety of surgical applications, including socket grafting, GBR, sinus augmentation, and other bone grafting procedures.",{},"https://www.safcodental.com/media/catalog/product/p/f/pfwrf.jpg?width=265&height=265&canvas=265,265&optimize=medium&fit=bounds",,structured,2026-08-19T03:50:21.099301+00:00,c0aa0a6705b9514c
bbd272a4fd7e4f7398ea57cad07ab855,6130097,Ossify DBM Cortical Fiber Bone Graft with 1-1.5mm chips 1cc jar,Surgical Esthetics,6130097,sutures-surgical-products,https://www.safcodental.com/product/ossify-sup-reg-sup-dbm-cortical-fiber-bone-graft,https://www.safcodental.com/product/ossify-sup-reg-sup-dbm-cortical-fiber-bone-graft,191.99,USD,visible,,In stock,"Ossify DBM Fiber is a next generation bone allograft composed of interwoven demineralized cortical bone fibers. It is configured both by itself and with the addition of 1-1.5mm mineralized cancellous particles. This unique allograft provides an ideal scaffold for bone formation with its extremely high surface area and its optimum shape conforming properties, making it highly osteoconductive. In addition, it has great osteoinductive potential due to the specialized demineralized process. The graft hydrates very uniformly with PRP, blood or saline for maximum handling. It can be used in a variety of surgical applications, including socket grafting, GBR, sinus augmentation, and other bone grafting procedures.",{},"https://www.safcodental.com/media/catalog/product/p/f/pfwrf.jpg?width=265&height=265&canvas=265,265&optimize=medium&fit=bounds",,structured,2026-08-19T03:50:21.107767+00:00,0e297f75bf00dc88
cbdd127f28a745bcbf5f4f891f2c4333,6130099,Ossify DBM Cortical Fiber Bone Graft with 1-1.5mm chips 2cc jar,Surgical Esthetics,6130099,sutures-surgical-products,https://www.safcodental.com/product/ossify-sup-reg-sup-dbm-cortical-fiber-bone-graft,https://www.safcodental.com/product/ossify-sup-reg-sup-dbm-cortical-fiber-bone-graft,307.49,USD,visible,,In stock,"Ossify DBM Fiber is a next generation bone allograft composed of interwoven demineralized cortical bone fibers. It is configured both by itself and with the addition of 1-1.5mm mineralized cancellous particles. This unique allograft provides an ideal scaffold for bone formation with its extremely high surface area and its optimum shape conforming properties, making it highly osteoconductive. In addition, it has great osteoinductive potential due to the specialized demineralized process. The graft hydrates very uniformly with PRP, blood or saline for maximum handling. It can be used in a variety of surgical applications, including socket grafting, GBR, sinus augmentation, and other bone grafting procedures.",{},"https://www.safcodental.com/media/catalog/product/p/f/pfwrf.jpg?width=265&height=265&canvas=265,265&optimize=medium&fit=bounds",,structured,2026-08-19T03:50:21.115690+00:00,1a7dd4ba9dabad08
63b4272b0e4a44058b76e9f4b42bce3b,3381410,disposable scalpel #10 10/box,Bard-Parker,3381410,sutures-surgical-products,https://www.safcodental.com/product/disposable-scalpels-bard-parker-bd,https://www.safcodental.com/product/disposable-scalpels-bard-parker-bd,18.99,USD,visible,10/box,In stock,"Sterile disposable scalpel with a stainless steel blade. Intended for tissue separation, and other procedures that require a sharp surgical blade to puncture or cut. Offers the superior cutting advantages of stainless steel technology. Consistent sharpness, control and strength. Uniquely packaged for safety and ease of use. Sterile. Not made with natural rubber latex",{},"https://www.safcodental.com/media/catalog/product/p/f/pflug.jpg?width=265&height=265&canvas=265,265&optimize=medium&fit=bounds",,structured,2026-08-19T03:50:23.081639+00:00,2e3825d305c0c993
0d15a38b7b80477eb0c7e5e1ec189fc1,3381422,disposable scalpel #11 10/box,Bard-Parker,3381422,sutures-surgical-products,https://www.safcodental.com/product/disposable-scalpels-bard-parker-bd,https://www.safcodental.com/product/disposable-scalpels-bard-parker-bd,18.99,USD,visible,10/box,In stock,"Sterile disposable scalpel with a stainless steel blade. Intended for tissue separation, and other procedures that require a sharp surgical blade to puncture or cut. Offers the superior cutting advantages of stainless steel technology. Consistent sharpness, control and strength. Uniquely packaged for safety and ease of use. Sterile. Not made with natural rubber latex",{},"https://www.safcodental.com/media/catalog/product/p/f/pflug.jpg?width=265&height=265&canvas=265,265&optimize=medium&fit=bounds",,structured,2026-08-19T03:50:23.087529+00:00,5d7d985af904adb0
b4fea7a9643f41beadc6c71c6e9bbdb8,3381458,disposable scalpel #12 10/box,Bard-Parker,3381458,sutures-surgical-products,https://www.safcodental.com/product/disposable-scalpels-bard-parker-bd,https://www.safcodental.com/product/disposable-scalpels-bard-parker-bd,56.99,USD,visible,10/box,In stock,"Sterile disposable scalpel with a stainless steel blade. Intended for tissue separation, and other procedures that require a sharp surgical blade to puncture or cut. Offers the superior cutting advantages of stainless steel technology. Consistent sharpness, control and strength. Uniquely packaged for safety and ease of use. Sterile. Not made with natural rubber latex",{},"https://www.safcodental.com/media/catalog/product/p/f/pflug.jpg?width=265&height=265&canvas=265,265&optimize=medium&fit=bounds",,structured,2026-08-19T03:50:23.093835+00:00,1b30c96143c5afc8
e2da60cf4f844775a3eefbd8469469db,4710150,Compac nitrile gloves PF x-s 100/bag,Cranberry,4710150,gloves,https://www.safcodental.com/product/compac-nitrile,https://www.safcodental.com/product/compac-nitrile,8.49,USD,visible,100/bag,In stock,"Compac™ By The Cuff® Nitrile Powder Free Exam Gloves feature innovative dispensing technology designed to reduce cross-contamination, minimize glove waste, and improve operatory efficiency.",{},"https://www.safcodental.com/media/catalog/product/c/r/cranberry-compac-nitrile-front-facing-100-box_1.jpg?width=265&height=265&canvas=265,265&optimize=medium&fit=bounds",,structured,2026-08-19T03:50:37.154211+00:00,788eade8fb5e7cde
35713afa6b254088b61602dca54bc880,4710152,Compac nitrile gloves PF small 100/bag,Cranberry,4710152,gloves,https://www.safcodental.com/product/compac-nitrile,https://www.safcodental.com/product/compac-nitrile,8.49,USD,visible,100/bag,In stock,"Compac™ By The Cuff® Nitrile Powder Free Exam Gloves feature innovative dispensing technology designed to reduce cross-contamination, minimize glove waste, and improve operatory efficiency.",{},"https://www.safcodental.com/media/catalog/product/c/r/cranberry-compac-nitrile-front-facing-100-box_1.jpg?width=265&height=265&canvas=265,265&optimize=medium&fit=bounds",,structured,2026-08-19T03:50:37.160403+00:00,e31d4ff923d776bc
fad07740d1e04acfbc73b59f908b32d4,4710154,Compac nitrile gloves PF medium 100/bag,Cranberry,4710154,gloves,https://www.safcodental.com/product/compac-nitrile,https://www.safcodental.com/product/compac-nitrile,8.49,USD,visible,100/bag,In stock,"Compac™ By The Cuff® Nitrile Powder Free Exam Gloves feature innovative dispensing technology designed to reduce cross-contamination, minimize glove waste, and improve operatory efficiency.",{},"https://www.safcodental.com/media/catalog/product/c/r/cranberry-compac-nitrile-front-facing-100-box_1.jpg?width=265&height=265&canvas=265,265&optimize=medium&fit=bounds",,structured,2026-08-19T03:50:37.167092+00:00,38f49202506c5129
b4bbaf99308546ccb5d2f2fce57a1ea4,4710156,Compac nitrile gloves PF large 100/bag,Cranberry,4710156,gloves,https://www.safcodental.com/product/compac-nitrile,https://www.safcodental.com/product/compac-nitrile,8.49,USD,visible,100/bag,In stock,"Compac™ By The Cuff® Nitrile Powder Free Exam Gloves feature innovative dispensing technology designed to reduce cross-contamination, minimize glove waste, and improve operatory efficiency.",{},"https://www.safcodental.com/media/catalog/product/c/r/cranberry-compac-nitrile-front-facing-100-box_1.jpg?width=265&height=265&canvas=265,265&optimize=medium&fit=bounds",,structured,2026-08-19T03:50:37.173479+00:00,ba4f0b04a8df544f
6d719b4645804dae898476409c8089eb,4710158,Compac nitrile gloves PF x-large 100/bag,Cranberry,4710158,gloves,https://www.safcodental.com/product/compac-nitrile,https://www.safcodental.com/product/compac-nitrile,8.49,USD,visible,100/bag,In stock,"Compac™ By The Cuff® Nitrile Powder Free Exam Gloves feature innovative dispensing technology designed to reduce cross-contamination, minimize glove waste, and improve operatory efficiency.",{},"https://www.safcodental.com/media/catalog/product/c/r/cranberry-compac-nitrile-front-facing-100-box_1.jpg?width=265&height=265&canvas=265,265&optimize=medium&fit=bounds",,structured,2026-08-19T03:50:37.179556+00:00,8cdd2799ffae0a19
4486bc6139f249a5906f6f16db64a9fc,4713502,Crave nitrile gloves x-small 200/box,Cranberry,4713502,gloves,https://www.safcodental.com/product/crave-trade,https://www.safcodental.com/product/crave-trade,24.49,USD,visible,200/box,In stock,Powder-free nitrile exam glove with lanolin and Vitamin E. Textured fingertip finish Beaded cuff Non-chlorinated Ambidextrous Blue color Vitamin E and lanolin coated Thickness: at palm 3.5 mils; at fingertip 3.8 mils 200 gloves per box Order 10 boxes to purchase a case,{},"https://www.safcodental.com/media/catalog/product/d/r/drcca_2.jpg?width=265&height=265&canvas=265,265&optimize=medium&fit=bounds",,structured,2026-08-19T03:50:39.151643+00:00,7a547a618a9c6c05
2d29511823d04c499b4ca7ecf377ac38,4713504,Crave nitrile gloves small 200/box,Cranberry,4713504,gloves,https://www.safcodental.com/product/crave-trade,https://www.safcodental.com/product/crave-trade,24.49,USD,visible,200/box,In stock,Powder-free nitrile exam glove with lanolin and Vitamin E. Textured fingertip finish Beaded cuff Non-chlorinated Ambidextrous Blue color Vitamin E and lanolin coated Thickness: at palm 3.5 mils; at fingertip 3.8 mils 200 gloves per box Order 10 boxes to purchase a case,{},"https://www.safcodental.com/media/catalog/product/d/r/drcca_2.jpg?width=265&height=265&canvas=265,265&optimize=medium&fit=bounds",,structured,2026-08-19T03:50:39.159469+00:00,cd518dc4e53f93f2
25ddd4d0334c43129217b2fd43f1b1f5,4713506,Crave nitrile gloves medium 200/box,Cranberry,4713506,gloves,https://www.safcodental.com/product/crave-trade,https://www.safcodental.com/product/crave-trade,24.49,USD,visible,200/box,In stock,Powder-free nitrile exam glove with lanolin and Vitamin E. Textured fingertip finish Beaded cuff Non-chlorinated Ambidextrous Blue color Vitamin E and lanolin coated Thickness: at palm 3.5 mils; at fingertip 3.8 mils 200 gloves per box Order 10 boxes to purchase a case,{},"https://www.safcodental.com/media/catalog/product/d/r/drcca_2.jpg?width=265&height=265&canvas=265,265&optimize=medium&fit=bounds",,structured,2026-08-19T03:50:39.166094+00:00,b21e9e1a2ea2ff42
a431a8d3e32b43198e971f5e91900628,4713508,Crave nitrile gloves large 200/box,Cranberry,4713508,gloves,https://www.safcodental.com/product/crave-trade,https://www.safcodental.com/product/crave-trade,24.49,USD,visible,200/box,In stock,Powder-free nitrile exam glove with lanolin and Vitamin E. Textured fingertip finish Beaded cuff Non-chlorinated Ambidextrous Blue color Vitamin E and lanolin coated Thickness: at palm 3.5 mils; at fingertip 3.8 mils 200 gloves per box Order 10 boxes to purchase a case,{},"https://www.safcodental.com/media/catalog/product/d/r/drcca_2.jpg?width=265&height=265&canvas=265,265&optimize=medium&fit=bounds",,structured,2026-08-19T03:50:39.173025+00:00,30a4bad28ae83e7f
dbfb20c8e99b41ef833ccc860f3e2195,4681214,"Dash Alasta® PRO gloves, x-small, 200/box",Dash,4681214,gloves,https://www.safcodental.com/product/alasta-pro,https://www.safcodental.com/product/alasta-pro,28.49,USD,visible,200/box,In stock,"Alasta® PRO nitrile dental gloves feature Glide Assist™ technology for easy donning, even with damp hands. Soft Fit™ provides comfort and dexterity, while the medical blue color, fentanyl-tested, and chemo-approved design offers reliable protection.",{},"https://www.safcodental.com/media/catalog/product/d/r/drcdk.jpg?width=265&height=265&canvas=265,265&optimize=medium&fit=bounds",,structured,2026-08-19T03:50:41.146678+00:00,4f4d7c3cc43c7d1a
8d5d42716cd14d4ea54013963825ecd1,4681216,"Dash Alasta® PRO gloves, small, 200/box",Dash,4681216,gloves,https://www.safcodental.com/product/alasta-pro,https://www.safcodental.com/product/alasta-pro,28.49,USD,visible,200/box,In stock,"Alasta® PRO nitrile dental gloves feature Glide Assist™ technology for easy donning, even with damp hands. Soft Fit™ provides comfort and dexterity, while the medical blue color, fentanyl-tested, and chemo-approved design offers reliable protection.",{},"https://www.safcodental.com/media/catalog/product/d/r/drcdk.jpg?width=265&height=265&canvas=265,265&optimize=medium&fit=bounds",,structured,2026-08-19T03:50:41.152723+00:00,77166b8a2ffb3068
9786562d284949e6915beeb42e5ec02c,4681218,"Dash Alasta® PRO gloves, medium, 200/box",Dash,4681218,gloves,https://www.safcodental.com/product/alasta-pro,https://www.safcodental.com/product/alasta-pro,28.49,USD,visible,200/box,In stock,"Alasta® PRO nitrile dental gloves feature Glide Assist™ technology for easy donning, even with damp hands. Soft Fit™ provides comfort and dexterity, while the medical blue color, fentanyl-tested, and chemo-approved design offers reliable protection.",{},"https://www.safcodental.com/media/catalog/product/d/r/drcdk.jpg?width=265&height=265&canvas=265,265&optimize=medium&fit=bounds",,structured,2026-08-19T03:50:41.158671+00:00,6566cdccd3e9c021
fa174fb0df0c4c8b822db69632f0e4d6,4681220,"Dash Alasta® PRO gloves, large, 200/box",Dash,4681220,gloves,https://www.safcodental.com/product/alasta-pro,https://www.safcodental.com/product/alasta-pro,28.49,USD,visible,200/box,In stock,"Alasta® PRO nitrile dental gloves feature Glide Assist™ technology for easy donning, even with damp hands. Soft Fit™ provides comfort and dexterity, while the medical blue color, fentanyl-tested, and chemo-approved design offers reliable protection.",{},"https://www.safcodental.com/media/catalog/product/d/r/drcdk.jpg?width=265&height=265&canvas=265,265&optimize=medium&fit=bounds",,structured,2026-08-19T03:50:41.165834+00:00,2411840fae457552
b4a9a3ad696f42d8ab00109a872fca04,4681222,"Dash Alasta® PRO gloves, x-large, 200/box",Dash,4681222,gloves,https://www.safcodental.com/product/alasta-pro,https://www.safcodental.com/product/alasta-pro,28.49,USD,visible,200/box,In stock,"Alasta® PRO nitrile dental gloves feature Glide Assist™ technology for easy donning, even with damp hands. Soft Fit™ provides comfort and dexterity, while the medical blue color, fentanyl-tested, and chemo-approved design offers reliable protection.",{},"https://www.safcodental.com/media/catalog/product/d/r/drcdk.jpg?width=265&height=265&canvas=265,265&optimize=medium&fit=bounds",,structured,2026-08-19T03:50:41.172662+00:00,badf0eaa7402036b
91d04ba8be9c41c7ba28e720072fec5f,3028412,"HALYARD* Black Nitrile gloves, x-small, 100/box",Halyard,3028412,gloves,https://www.safcodental.com/product/halyard-black-nitrile,https://www.safcodental.com/product/halyard-black-nitrile,9.99,USD,visible,100/box,In stock,"HALYARD* Black Nitrile Exam Gloves deliver dependable protection and professional performance for dental professionals. Perfect for clinical and hygiene procedures, these nitrile gloves provide excellent tactile sensitivity and a secure grip with textured fingertips for confident instrument handling. The sleek black color conceals stains, maintaining a clean, modern look in any dental setting. Each box contains 100 gloves in a SMARTPULL* Dispenser designed to reduce waste, improve efficiency, and save valuable operatory space.",{},"https://www.safcodental.com/media/catalog/product/d/r/drcdl.jpg?width=265&height=265&canvas=265,265&optimize=medium&fit=bounds",,structured,2026-08-19T03:50:43.159902+00:00,d8204d6617bfd1f5
5deef8e87f4a4fdd8ae6a04fa9dfd4e8,3028414,"HALYARD* Black Nitrile gloves, small, 100/box",Halyard,3028414,gloves,https://www.safcodental.com/product/halyard-black-nitrile,https://www.safcodental.com/product/halyard-black-nitrile,9.99,USD,visible,100/box,In stock,"HALYARD* Black Nitrile Exam Gloves deliver dependable protection and professional performance for dental professionals. Perfect for clinical and hygiene procedures, these nitrile gloves provide excellent tactile sensitivity and a secure grip with textured fingertips for confident instrument handling. The sleek black color conceals stains, maintaining a clean, modern look in any dental setting. Each box contains 100 gloves in a SMARTPULL* Dispenser designed to reduce waste, improve efficiency, and save valuable operatory space.",{},"https://www.safcodental.com/media/catalog/product/d/r/drcdl.jpg?width=265&height=265&canvas=265,265&optimize=medium&fit=bounds",,structured,2026-08-19T03:50:43.165912+00:00,6266487aa8d3fb5d
e713979867974866976fc38b1f0268b6,3028416,"HALYARD* Black Nitrile gloves, medium, 100/box",Halyard,3028416,gloves,https://www.safcodental.com/product/halyard-black-nitrile,https://www.safcodental.com/product/halyard-black-nitrile,9.99,USD,visible,100/box,In stock,"HALYARD* Black Nitrile Exam Gloves deliver dependable protection and professional performance for dental professionals. Perfect for clinical and hygiene procedures, these nitrile gloves provide excellent tactile sensitivity and a secure grip with textured fingertips for confident instrument handling. The sleek black color conceals stains, maintaining a clean, modern look in any dental setting. Each box contains 100 gloves in a SMARTPULL* Dispenser designed to reduce waste, improve efficiency, and save valuable operatory space.",{},"https://www.safcodental.com/media/catalog/product/d/r/drcdl.jpg?width=265&height=265&canvas=265,265&optimize=medium&fit=bounds",,structured,2026-08-19T03:50:43.172054+00:00,014b74edd298a890
1c7d7600a5bd4ad3978991f8d1c5ddcc,3028418,"HALYARD* Black Nitrile gloves, large, 100/box",Halyard,3028418,gloves,https://www.safcodental.com/product/halyard-black-nitrile,https://www.safcodental.com/product/halyard-black-nitrile,9.99,USD,visible,100/box,In stock,"HALYARD* Black Nitrile Exam Gloves deliver dependable protection and professional performance for dental professionals. Perfect for clinical and hygiene procedures, these nitrile gloves provide excellent tactile sensitivity and a secure grip with textured fingertips for confident instrument handling. The sleek black color conceals stains, maintaining a clean, modern look in any dental setting. Each box contains 100 gloves in a SMARTPULL* Dispenser designed to reduce waste, improve efficiency, and save valuable operatory space.",{},"https://www.safcodental.com/media/catalog/product/d/r/drcdl.jpg?width=265&height=265&canvas=265,265&optimize=medium&fit=bounds",,structured,2026-08-19T03:50:43.178181+00:00,0515d66a965efb83
8f89bc4f91a14469859bebfb527efb07,3028420,"HALYARD* Black Nitrile gloves, x-large, 100/box",Halyard,3028420,gloves,https://www.safcodental.com/product/halyard-black-nitrile,https://www.safcodental.com/product/halyard-black-nitrile,9.99,USD,visible,100/box,In stock,"HALYARD* Black Nitrile Exam Gloves deliver dependable protection and professional performance for dental professionals. Perfect for clinical and hygiene procedures, these nitrile gloves provide excellent tactile sensitivity and a secure grip with textured fingertips for confident instrument handling. The sleek black color conceals stains, maintaining a clean, modern look in any dental setting. Each box contains 100 gloves in a SMARTPULL* Dispenser designed to reduce waste, improve efficiency, and save valuable operatory space.",{},"https://www.safcodental.com/media/catalog/product/d/r/drcdl.jpg?width=265&height=265&canvas=265,265&optimize=medium&fit=bounds",,structured,2026-08-19T03:50:43.184253+00:00,be2731cca8d53c62
91447e79c4cd47f5a41024fc53f0e059,1028073,Nitrilex Soothe nitrile gloves x-small 250/box,Safco,1028073,gloves,https://www.safcodental.com/product/safco-nitrilex-soothe,https://www.safcodental.com/product/safco-nitrilex-soothe,15.99,USD,visible,250/box,In stock,"Powder-free nitrile exam gloves. Our reliably strong and thin nitrile glove, but now with a colloidal oatmeal coating. This is specifically formulated to lock in moisture, giving your skin a chance to rehydrate from handwashing. Designed to soften your skin and soothe itching, our anti-inflammatory properties make our Safco Nitrilex Soothe perfect for clinicians with dry skin, returning your hands to their natural PH balance.  Made in Malaysia Textured fingertip finish Beaded cuff Non-chlorinated Ambidextreous Chemotherapy drug tested per ASTM D6978 Robin Egg Blue color Moisturizing anti-irritant and anti-inflammatory colloidal oatmeal coated Thickness: at palm 2.5 mils; at fingertip 3.3 mils To purchase a full case, please order as qty of 10",{},"https://www.safcodental.com/media/catalog/product/d/r/drcdj.jpg?width=265&height=265&canvas=265,265&optimize=medium&fit=bounds",,structured,2026-08-19T03:50:45.168662+00:00,545290e558bd3c42
4846ceeb5d604f42adc9ca7f1270a5da,1028077,Nitrilex Soothe nitrile gloves small 250/box,Safco,1028077,gloves,https://www.safcodental.com/product/safco-nitrilex-soothe,https://www.safcodental.com/product/safco-nitrilex-soothe,15.99,USD,visible,250/box,In stock,"Powder-free nitrile exam gloves. Our reliably strong and thin nitrile glove, but now with a colloidal oatmeal coating. This is specifically formulated to lock in moisture, giving your skin a chance to rehydrate from handwashing. Designed to soften your skin and soothe itching, our anti-inflammatory properties make our Safco Nitrilex Soothe perfect for clinicians with dry skin, returning your hands to their natural PH balance.  Made in Malaysia Textured fingertip finish Beaded cuff Non-chlorinated Ambidextreous Chemotherapy drug tested per ASTM D6978 Robin Egg Blue color Moisturizing anti-irritant and anti-inflammatory colloidal oatmeal coated Thickness: at palm 2.5 mils; at fingertip 3.3 mils To purchase a full case, please order as qty of 10",{},"https://www.safcodental.com/media/catalog/product/d/r/drcdj.jpg?width=265&height=265&canvas=265,265&optimize=medium&fit=bounds",,structured,2026-08-19T03:50:45.175174+00:00,27076702b960447f
5f958f406ec141fe8d4665b8d39db564,1028078,Nitrilex Soothe nitrile gloves medium 250/box,Safco,1028078,gloves,https://www.safcodental.com/product/safco-nitrilex-soothe,https://www.safcodental.com/product/safco-nitrilex-soothe,15.99,USD,visible,250/box,In stock,"Powder-free nitrile exam gloves. Our reliably strong and thin nitrile glove, but now with a colloidal oatmeal coating. This is specifically formulated to lock in moisture, giving your skin a chance to rehydrate from handwashing. Designed to soften your skin and soothe itching, our anti-inflammatory properties make our Safco Nitrilex Soothe perfect for clinicians with dry skin, returning your hands to their natural PH balance.  Made in Malaysia Textured fingertip finish Beaded cuff Non-chlorinated Ambidextreous Chemotherapy drug tested per ASTM D6978 Robin Egg Blue color Moisturizing anti-irritant and anti-inflammatory colloidal oatmeal coated Thickness: at palm 2.5 mils; at fingertip 3.3 mils To purchase a full case, please order as qty of 10",{},"https://www.safcodental.com/media/catalog/product/d/r/drcdj.jpg?width=265&height=265&canvas=265,265&optimize=medium&fit=bounds",,structured,2026-08-19T03:50:45.182870+00:00,0f95644a321c75a2
da73544e7ec1453c9f49d9bed725c108,1028086,Nitrilex Soothe nitrile gloves large 250/box,Safco,1028086,gloves,https://www.safcodental.com/product/safco-nitrilex-soothe,https://www.safcodental.com/product/safco-nitrilex-soothe,15.99,USD,visible,250/box,In stock,"Powder-free nitrile exam gloves. Our reliably strong and thin nitrile glove, but now with a colloidal oatmeal coating. This is specifically formulated to lock in moisture, giving your skin a chance to rehydrate from handwashing. Designed to soften your skin and soothe itching, our anti-inflammatory properties make our Safco Nitrilex Soothe perfect for clinicians with dry skin, returning your hands to their natural PH balance.  Made in Malaysia Textured fingertip finish Beaded cuff Non-chlorinated Ambidextreous Chemotherapy drug tested per ASTM D6978 Robin Egg Blue color Moisturizing anti-irritant and anti-inflammatory colloidal oatmeal coated Thickness: at palm 2.5 mils; at fingertip 3.3 mils To purchase a full case, please order as qty of 10",{},"https://www.safcodental.com/media/catalog/product/d/r/drcdj.jpg?width=265&height=265&canvas=265,265&optimize=medium&fit=bounds",,structured,2026-08-19T03:50:45.189175+00:00,36523be2747031dc
76487235382c44bf980468a007a16e77,1028088,Nitrilex Soothe nitrile gloves x-large 250/box,Safco,1028088,gloves,https://www.safcodental.com/product/safco-nitrilex-soothe,https://www.safcodental.com/product/safco-nitrilex-soothe,15.99,USD,visible,250/box,In stock,"Powder-free nitrile exam gloves. Our reliably strong and thin nitrile glove, but now with a colloidal oatmeal coating. This is specifically formulated to lock in moisture, giving your skin a chance to rehydrate from handwashing. Designed to soften your skin and soothe itching, our anti-inflammatory properties make our Safco Nitrilex Soothe perfect for clinicians with dry skin, returning your hands to their natural PH balance.  Made in Malaysia Textured fingertip finish Beaded cuff Non-chlorinated Ambidextreous Chemotherapy drug tested per ASTM D6978 Robin Egg Blue color Moisturizing anti-irritant and anti-inflammatory colloidal oatmeal coated Thickness: at palm 2.5 mils; at fingertip 3.3 mils To purchase a full case, please order as qty of 10",{},"https://www.safcodental.com/media/catalog/product/d/r/drcdj.jpg?width=265&height=265&canvas=265,265&optimize=medium&fit=bounds",,structured,2026-08-19T03:50:45.197049+00:00,52193d739c444aca
af0593bc0b834f1582a04d884fba4c3d,4680090,Black Maxx nitrile x-small 200/box,Dash,4680090,gloves,https://www.safcodental.com/product/black-maxx-sup-reg-sup,https://www.safcodental.com/product/black-maxx-sup-reg-sup,28.49,USD,visible,200/box,In stock,Powder-free black nitrile exam gloves with Glide Assist Technology for easy donning on damp hands.,{},"https://www.safcodental.com/media/catalog/product/d/r/drcdi.jpg?width=265&height=265&canvas=265,265&optimize=medium&fit=bounds",,structured,2026-08-19T03:50:47.159680+00:00,ecc553d072a9dea5
b9cd25a54ecc4980bfd2f2c5d215c797,4680092,Black Maxx nitrile small 200/box,Dash,4680092,gloves,https://www.safcodental.com/product/black-maxx-sup-reg-sup,https://www.safcodental.com/product/black-maxx-sup-reg-sup,28.49,USD,visible,200/box,In stock,Powder-free black nitrile exam gloves with Glide Assist Technology for easy donning on damp hands.,{},"https://www.safcodental.com/media/catalog/product/d/r/drcdi.jpg?width=265&height=265&canvas=265,265&optimize=medium&fit=bounds",,structured,2026-08-19T03:50:47.166704+00:00,cb501188a37af19a
63daf0fa14a940ad9b0955d874d32b03,4680094,Black Maxx nitrile medium 200/box,Dash,4680094,gloves,https://www.safcodental.com/product/black-maxx-sup-reg-sup,https://www.safcodental.com/product/black-maxx-sup-reg-sup,28.49,USD,visible,200/box,In stock,Powder-free black nitrile exam gloves with Glide Assist Technology for easy donning on damp hands.,{},"https://www.safcodental.com/media/catalog/product/d/r/drcdi.jpg?width=265&height=265&canvas=265,265&optimize=medium&fit=bounds",,structured,2026-08-19T03:50:47.175403+00:00,1f561b6dae03c8ef
6e31b40be8b24ec0bb8bc9422614801c,4680096,Black Maxx nitrile large 200/box,Dash,4680096,gloves,https://www.safcodental.com/product/black-maxx-sup-reg-sup,https://www.safcodental.com/product/black-maxx-sup-reg-sup,28.49,USD,visible,200/box,In stock,Powder-free black nitrile exam gloves with Glide Assist Technology for easy donning on damp hands.,{},"https://www.safcodental.com/media/catalog/product/d/r/drcdi.jpg?width=265&height=265&canvas=265,265&optimize=medium&fit=bounds",,structured,2026-08-19T03:50:47.182484+00:00,d4a27a022785fc4a
e841933331f64855b62714c1484b0b9e,4680098,Black Maxx nitrile x-large 200/box,Dash,4680098,gloves,https://www.safcodental.com/product/black-maxx-sup-reg-sup,https://www.safcodental.com/product/black-maxx-sup-reg-sup,28.49,USD,visible,200/box,In stock,Powder-free black nitrile exam gloves with Glide Assist Technology for easy donning on damp hands.,{},"https://www.safcodental.com/media/catalog/product/d/r/drcdi.jpg?width=265&height=265&canvas=265,265&optimize=medium&fit=bounds",,structured,2026-08-19T03:50:47.188805+00:00,122ec6afced893d8
29531dd12777498a8c75034ac8030e19,4680077,GloveUp nitrile x-small 300/box,Dash,4680077,gloves,https://www.safcodental.com/product/gloveup-sup-reg-sup,https://www.safcodental.com/product/gloveup-sup-reg-sup,38.49,USD,visible,300/box,In stock,Powder-free nitrile exam gloves. Textured fingertip finish Beaded cuff Ambidextrous Cobalt color Thickness: at palm 1.9 mils; at fingertip 3.1 mils Order 10 boxes to purchase a case,{},"https://www.safcodental.com/media/catalog/product/d/r/drcdh.jpg?width=265&height=265&canvas=265,265&optimize=medium&fit=bounds",,structured,2026-08-19T03:50:49.175976+00:00,0521b1a565e40af1
1a3fcdcc814444b99541f12ed2b40ec9,4680078,GloveUp nitrile small 300/box,Dash,4680078,gloves,https://www.safcodental.com/product/gloveup-sup-reg-sup,https://www.safcodental.com/product/gloveup-sup-reg-sup,38.49,USD,visible,300/box,In stock,Powder-free nitrile exam gloves. Textured fingertip finish Beaded cuff Ambidextrous Cobalt color Thickness: at palm 1.9 mils; at fingertip 3.1 mils Order 10 boxes to purchase a case,{},"https://www.safcodental.com/media/catalog/product/d/r/drcdh.jpg?width=265&height=265&canvas=265,265&optimize=medium&fit=bounds",,structured,2026-08-19T03:50:49.181918+00:00,94dc47e59279e44b
d4d038bcd1484ccab26e824bc9a9f250,4680079,GloveUp nitrile medium 300/box,Dash,4680079,gloves,https://www.safcodental.com/product/gloveup-sup-reg-sup,https://www.safcodental.com/product/gloveup-sup-reg-sup,38.49,USD,visible,300/box,In stock,Powder-free nitrile exam gloves. Textured fingertip finish Beaded cuff Ambidextrous Cobalt color Thickness: at palm 1.9 mils; at fingertip 3.1 mils Order 10 boxes to purchase a case,{},"https://www.safcodental.com/media/catalog/product/d/r/drcdh.jpg?width=265&height=265&canvas=265,265&optimize=medium&fit=bounds",,structured,2026-08-19T03:50:49.188168+00:00,1a7cd21363d342f0
15176d9b3fcd4bfdae97041adbac76e0,4680080,GloveUp nitrile large 300/box,Dash,4680080,gloves,https://www.safcodental.com/product/gloveup-sup-reg-sup,https://www.safcodental.com/product/gloveup-sup-reg-sup,38.49,USD,visible,300/box,In stock,Powder-free nitrile exam gloves. Textured fingertip finish Beaded cuff Ambidextrous Cobalt color Thickness: at palm 1.9 mils; at fingertip 3.1 mils Order 10 boxes to purchase a case,{},"https://www.safcodental.com/media/catalog/product/d/r/drcdh.jpg?width=265&height=265&canvas=265,265&optimize=medium&fit=bounds",,structured,2026-08-19T03:50:49.197159+00:00,a3b925735a60d50a
16aa457a678a47578095f76fc693e873,4680081,GloveUp nitrile x-large 250/box,Dash,4680081,gloves,https://www.safcodental.com/product/gloveup-sup-reg-sup,https://www.safcodental.com/product/gloveup-sup-reg-sup,38.49,USD,visible,250/box,In stock,Powder-free nitrile exam gloves. Textured fingertip finish Beaded cuff Ambidextrous Cobalt color Thickness: at palm 1.9 mils; at fingertip 3.1 mils Order 10 boxes to purchase a case,{},"https://www.safcodental.com/media/catalog/product/d/r/drcdh.jpg?width=265&height=265&canvas=265,265&optimize=medium&fit=bounds",,structured,2026-08-19T03:50:49.204678+00:00,a3fadb8747e999bd
085fe26239604ee8aabafde15ba0241b,4710068,Cranberry BioNitrile nitrile gloves x-small 300/box,Cranberry,4710068,gloves,https://www.safcodental.com/product/bio-nitrile-sup-reg-sup,https://www.safcodental.com/product/bio-nitrile-sup-reg-sup,29.99,USD,visible,300/box,In stock,BioNitrile gloves are made with advanced biodegradable materials that break down 90% in less than 1.5 years. This reduces permanent waste and means less greenhouse gas emissions. Textured fingertip finish Beaded cuff Ambidextrous Blue color Thickness at palm 2.0 mils Thickness at fingertip 2.2 mils 300 gloves per box (250 size XL) Order 10 boxes to purchase a case.,{},"https://www.safcodental.com/media/catalog/product/d/r/drcdg.jpg?width=265&height=265&canvas=265,265&optimize=medium&fit=bounds",,structured,2026-08-19T03:50:51.230265+00:00,7f430be790bbe5dd
94d614261660456a8ba04a54fd759460,4710070,Cranberry BioNitrile nitrile gloves small 300/box,Cranberry,4710070,gloves,https://www.safcodental.com/product/bio-nitrile-sup-reg-sup,https://www.safcodental.com/product/bio-nitrile-sup-reg-sup,29.99,USD,visible,300/box,In stock,BioNitrile gloves are made with advanced biodegradable materials that break down 90% in less than 1.5 years. This reduces permanent waste and means less greenhouse gas emissions. Textured fingertip finish Beaded cuff Ambidextrous Blue color Thickness at palm 2.0 mils Thickness at fingertip 2.2 mils 300 gloves per box (250 size XL) Order 10 boxes to purchase a case.,{},"https://www.safcodental.com/media/catalog/product/d/r/drcdg.jpg?width=265&height=265&canvas=265,265&optimize=medium&fit=bounds",,structured,2026-08-19T03:50:51.236777+00:00,eadb610eda733b5e
9f9a418fe58844c8ad1e0e61b475b110,4710072,Cranberry BioNitrile nitrile gloves medium 300/box,Cranberry,4710072,gloves,https://www.safcodental.com/product/bio-nitrile-sup-reg-sup,https://www.safcodental.com/product/bio-nitrile-sup-reg-sup,29.99,USD,visible,300/box,In stock,BioNitrile gloves are made with advanced biodegradable materials that break down 90% in less than 1.5 years. This reduces permanent waste and means less greenhouse gas emissions. Textured fingertip finish Beaded cuff Ambidextrous Blue color Thickness at palm 2.0 mils Thickness at fingertip 2.2 mils 300 gloves per box (250 size XL) Order 10 boxes to purchase a case.,{},"https://www.safcodental.com/media/catalog/product/d/r/drcdg.jpg?width=265&height=265&canvas=265,265&optimize=medium&fit=bounds",,structured,2026-08-19T03:50:51.243442+00:00,06bd807b89027080
97abfa282f2f4745861623eddb33c58b,4710074,Cranberry BioNitrile nitrile gloves large 300/box,Cranberry,4710074,gloves,https://www.safcodental.com/product/bio-nitrile-sup-reg-sup,https://www.safcodental.com/product/bio-nitrile-sup-reg-sup,29.99,USD,visible,300/box,In stock,BioNitrile gloves are made with advanced biodegradable materials that break down 90% in less than 1.5 years. This reduces permanent waste and means less greenhouse gas emissions. Textured fingertip finish Beaded cuff Ambidextrous Blue color Thickness at palm 2.0 mils Thickness at fingertip 2.2 mils 300 gloves per box (250 size XL) Order 10 boxes to purchase a case.,{},"https://www.safcodental.com/media/catalog/product/d/r/drcdg.jpg?width=265&height=265&canvas=265,265&optimize=medium&fit=bounds",,structured,2026-08-19T03:50:51.249601+00:00,b9ec9fc2bef59846
c44888beda79446486684ff6a2cb7743,4710076,Cranberry BioNitrile nitrile gloves x-large 250/box,Cranberry,4710076,gloves,https://www.safcodental.com/product/bio-nitrile-sup-reg-sup,https://www.safcodental.com/product/bio-nitrile-sup-reg-sup,29.99,USD,visible,250/box,In stock,BioNitrile gloves are made with advanced biodegradable materials that break down 90% in less than 1.5 years. This reduces permanent waste and means less greenhouse gas emissions. Textured fingertip finish Beaded cuff Ambidextrous Blue color Thickness at palm 2.0 mils Thickness at fingertip 2.2 mils 300 gloves per box (250 size XL) Order 10 boxes to purchase a case.,{},"https://www.safcodental.com/media/catalog/product/d/r/drcdg.jpg?width=265&height=265&canvas=265,265&optimize=medium&fit=bounds",,structured,2026-08-19T03:50:51.256087+00:00,0e72a37af32005f4
142c3a28bf174fafae32ae6c266fd9b8,8210002,"QUANTUM BLUE NITRILE SMALL, 100/BOX",Quantum,8210002,gloves,https://www.safcodental.com/product/quantum-blue,https://www.safcodental.com/product/quantum-blue,8.59,USD,visible,100/BOX,In stock,"Powder-free nitrile exam gloves. The soft and stretchy formulation of the Quantum Blue Nitrile Exam Glove provides for an exceptional fit and feel. Nonstick interior makes donning a breeze, even with damp hands. Micro-textured outer surface allows superior gripping of instruments. The super soft and stretchy formulation mimics the fit and feel of latex. Quantum Blue exam gloves are highly puncture and chemical resistant. Super soft and stretchy Non-stick inner surface Fit: Ambidextrous 4.0 MIL thick Length: 9.5"" Beaded cuff Micro-textured outer surface Color: Vibrant blue Industries: Dental, veterinarian, mortuary, cleaning, tattoo Case Pack: 100 gloves per box, 10 boxes per case Formerly called Cobalt Blue",{},"https://www.safcodental.com/media/catalog/product/d/r/drcde.jpg?width=265&height=265&canvas=265,265&optimize=medium&fit=bounds",,structured,2026-08-19T03:50:53.233618+00:00,e74657a8d56c7068
2e229ac758e948a5894358880070a7d9,8210003,QUANTUM BLUE NITRILE MEDIUM 100/BOX,Quantum,8210003,gloves,https://www.safcodental.com/product/quantum-blue,https://www.safcodental.com/product/quantum-blue,8.59,USD,visible,100/BOX,In stock,"Powder-free nitrile exam gloves. The soft and stretchy formulation of the Quantum Blue Nitrile Exam Glove provides for an exceptional fit and feel. Nonstick interior makes donning a breeze, even with damp hands. Micro-textured outer surface allows superior gripping of instruments. The super soft and stretchy formulation mimics the fit and feel of latex. Quantum Blue exam gloves are highly puncture and chemical resistant. Super soft and stretchy Non-stick inner surface Fit: Ambidextrous 4.0 MIL thick Length: 9.5"" Beaded cuff Micro-textured outer surface Color: Vibrant blue Industries: Dental, veterinarian, mortuary, cleaning, tattoo Case Pack: 100 gloves per box, 10 boxes per case Formerly called Cobalt Blue",{},"https://www.safcodental.com/media/catalog/product/d/r/drcde.jpg?width=265&height=265&canvas=265,265&optimize=medium&fit=bounds",,structured,2026-08-19T03:50:53.240799+00:00,0b50d84b59e28451
112fb711c0e14efc90cf6f37ad940d75,8210004,"QUANTUM BLUE NITRILE LARGE, 100/BOX",Quantum,8210004,gloves,https://www.safcodental.com/product/quantum-blue,https://www.safcodental.com/product/quantum-blue,8.59,USD,visible,100/BOX,In stock,"Powder-free nitrile exam gloves. The soft and stretchy formulation of the Quantum Blue Nitrile Exam Glove provides for an exceptional fit and feel. Nonstick interior makes donning a breeze, even with damp hands. Micro-textured outer surface allows superior gripping of instruments. The super soft and stretchy formulation mimics the fit and feel of latex. Quantum Blue exam gloves are highly puncture and chemical resistant. Super soft and stretchy Non-stick inner surface Fit: Ambidextrous 4.0 MIL thick Length: 9.5"" Beaded cuff Micro-textured outer surface Color: Vibrant blue Industries: Dental, veterinarian, mortuary, cleaning, tattoo Case Pack: 100 gloves per box, 10 boxes per case Formerly called Cobalt Blue",{},"https://www.safcodental.com/media/catalog/product/d/r/drcde.jpg?width=265&height=265&canvas=265,265&optimize=medium&fit=bounds",,structured,2026-08-19T03:50:53.247346+00:00,41b512457ce06d23
a074548377464b4389d222fbf7d44dbd,8210005,"QUANTUM BLUE NITRILE X-LARGE, 100/BOX",Quantum,8210005,gloves,https://www.safcodental.com/product/quantum-blue,https://www.safcodental.com/product/quantum-blue,8.59,USD,visible,100/BOX,In stock,"Powder-free nitrile exam gloves. The soft and stretchy formulation of the Quantum Blue Nitrile Exam Glove provides for an exceptional fit and feel. Nonstick interior makes donning a breeze, even with damp hands. Micro-textured outer surface allows superior gripping of instruments. The super soft and stretchy formulation mimics the fit and feel of latex. Quantum Blue exam gloves are highly puncture and chemical resistant. Super soft and stretchy Non-stick inner surface Fit: Ambidextrous 4.0 MIL thick Length: 9.5"" Beaded cuff Micro-textured outer surface Color: Vibrant blue Industries: Dental, veterinarian, mortuary, cleaning, tattoo Case Pack: 100 gloves per box, 10 boxes per case Formerly called Cobalt Blue",{},"https://www.safcodental.com/media/catalog/product/d/r/drcde.jpg?width=265&height=265&canvas=265,265&optimize=medium&fit=bounds",,structured,2026-08-19T03:50:53.255048+00:00,af4f03b2ac23c61b
2b83adae42e64b478f986f4f03510092,8210014,"QUANTUM BLUE NITRILE XS, 100/BOX",Quantum,8210014,gloves,https://www.safcodental.com/product/quantum-blue,https://www.safcodental.com/product/quantum-blue,8.59,USD,visible,100/BOX,In stock,"Powder-free nitrile exam gloves. The soft and stretchy formulation of the Quantum Blue Nitrile Exam Glove provides for an exceptional fit and feel. Nonstick interior makes donning a breeze, even with damp hands. Micro-textured outer surface allows superior gripping of instruments. The super soft and stretchy formulation mimics the fit and feel of latex. Quantum Blue exam gloves are highly puncture and chemical resistant. Super soft and stretchy Non-stick inner surface Fit: Ambidextrous 4.0 MIL thick Length: 9.5"" Beaded cuff Micro-textured outer surface Color: Vibrant blue Industries: Dental, veterinarian, mortuary, cleaning, tattoo Case Pack: 100 gloves per box, 10 boxes per case Formerly called Cobalt Blue",{},"https://www.safcodental.com/media/catalog/product/d/r/drcde.jpg?width=265&height=265&canvas=265,265&optimize=medium&fit=bounds",,structured,2026-08-19T03:50:53.261056+00:00,1e639cae4028ac2e
f4c07e0470de4501a559a33be855df76,8100014,POWERFORM BLACK NITRILE EXAM ECO 5.0 MIL SMALL,SW Safety,8100014,gloves,https://www.safcodental.com/product/powerform-black,https://www.safcodental.com/product/powerform-black,18.99,USD,visible,,In stock,"Powder-free nitrile exam gloves. Protect hands and the environment with a biodegradable single-use exam glove that combines performance, durability and tactile sensitivity for critical tasks. EcoTek® Biodegradability Technology accelerates landfill breakdown without any performance loss.  Tear-resistant beaded cuff  Fully textured Consistent thickness for greater dexterity and tactile sensitivity Silicone-free for critical environments Clean processing technology reduces potential skin irritation Black color 5.0 mil. thickness 1.5 AQL exceeds laboratory standards 100 gloves per box Order 10 boxes to purchase a case.",{},"https://www.safcodental.com/media/catalog/product/d/r/drcdd.jpg?width=265&height=265&canvas=265,265&optimize=medium&fit=bounds",,structured,2026-08-19T03:50:55.184690+00:00,32f77aff81bda6f6
5603dd04303d417a959dc4047d58afa1,8100015,"PowerForm black nitrile exam Eco 5.0 mil, Med",SW Safety,8100015,gloves,https://www.safcodental.com/product/powerform-black,https://www.safcodental.com/product/powerform-black,18.99,USD,visible,,In stock,"Powder-free nitrile exam gloves. Protect hands and the environment with a biodegradable single-use exam glove that combines performance, durability and tactile sensitivity for critical tasks. EcoTek® Biodegradability Technology accelerates landfill breakdown without any performance loss.  Tear-resistant beaded cuff  Fully textured Consistent thickness for greater dexterity and tactile sensitivity Silicone-free for critical environments Clean processing technology reduces potential skin irritation Black color 5.0 mil. thickness 1.5 AQL exceeds laboratory standards 100 gloves per box Order 10 boxes to purchase a case.",{},"https://www.safcodental.com/media/catalog/product/d/r/drcdd.jpg?width=265&height=265&canvas=265,265&optimize=medium&fit=bounds",,structured,2026-08-19T03:50:55.192354+00:00,0ef26818b7e80ca1
b123d605ea49496f92643f349e871b12,8100016,POWERFORM BLACK NITRILE EXAM ECO 5.0 MIL LARGE,SW Safety,8100016,gloves,https://www.safcodental.com/product/powerform-black,https://www.safcodental.com/product/powerform-black,16.49,USD,visible,,In stock,"Powder-free nitrile exam gloves. Protect hands and the environment with a biodegradable single-use exam glove that combines performance, durability and tactile sensitivity for critical tasks. EcoTek® Biodegradability Technology accelerates landfill breakdown without any performance loss.  Tear-resistant beaded cuff  Fully textured Consistent thickness for greater dexterity and tactile sensitivity Silicone-free for critical environments Clean processing technology reduces potential skin irritation Black color 5.0 mil. thickness 1.5 AQL exceeds laboratory standards 100 gloves per box Order 10 boxes to purchase a case.",{},"https://www.safcodental.com/media/catalog/product/d/r/drcdd.jpg?width=265&height=265&canvas=265,265&optimize=medium&fit=bounds",,structured,2026-08-19T03:50:55.198483+00:00,142674c2fdfe2574
296ab94cc65644c79b4d3658e753a06d,8100017,"PowerForm black nitrile exam Eco 5.0 mil, X-Lrg",SW Safety,8100017,gloves,https://www.safcodental.com/product/powerform-black,https://www.safcodental.com/product/powerform-black,16.49,USD,visible,,In stock,"Powder-free nitrile exam gloves. Protect hands and the environment with a biodegradable single-use exam glove that combines performance, durability and tactile sensitivity for critical tasks. EcoTek® Biodegradability Technology accelerates landfill breakdown without any performance loss.  Tear-resistant beaded cuff  Fully textured Consistent thickness for greater dexterity and tactile sensitivity Silicone-free for critical environments Clean processing technology reduces potential skin irritation Black color 5.0 mil. thickness 1.5 AQL exceeds laboratory standards 100 gloves per box Order 10 boxes to purchase a case.",{},"https://www.safcodental.com/media/catalog/product/d/r/drcdd.jpg?width=265&height=265&canvas=265,265&optimize=medium&fit=bounds",,structured,2026-08-19T03:50:55.205262+00:00,727ac0c6c11c9471
b93db0e836c048a59986d6bde4a4af26,8100018,"PowerForm black nitrile exam Eco 5.0 mil, XX-Lrg",SW Safety,8100018,gloves,https://www.safcodental.com/product/powerform-black,https://www.safcodental.com/product/powerform-black,18.99,USD,visible,,In stock,"Powder-free nitrile exam gloves. Protect hands and the environment with a biodegradable single-use exam glove that combines performance, durability and tactile sensitivity for critical tasks. EcoTek® Biodegradability Technology accelerates landfill breakdown without any performance loss.  Tear-resistant beaded cuff  Fully textured Consistent thickness for greater dexterity and tactile sensitivity Silicone-free for critical environments Clean processing technology reduces potential skin irritation Black color 5.0 mil. thickness 1.5 AQL exceeds laboratory standards 100 gloves per box Order 10 boxes to purchase a case.",{},"https://www.safcodental.com/media/catalog/product/d/r/drcdd.jpg?width=265&height=265&canvas=265,265&optimize=medium&fit=bounds",,structured,2026-08-19T03:50:55.211513+00:00,f285c7abbccc5acf
c38b24b1f1e64af78118253a4168f1f9,8100010,TRUEFORM NITRILE EXAM GLOVE 3.1 MIL - SM,SW Safety,8100010,gloves,https://www.safcodental.com/product/trueform,https://www.safcodental.com/product/trueform,17.97,USD,visible,,In stock,"SW Safety TrueForm Exam Glove TF-95RB 3.1 MIL in Royal Blue. Medical grade glove with textured fingertips and reinforced palm. Perfect for dental, medical applications as well as veterinarian and dairy. ",{},"https://www.safcodental.com/media/catalog/product/d/r/drcdc.jpg?width=265&height=265&canvas=265,265&optimize=medium&fit=bounds",,structured,2026-08-19T03:50:57.202895+00:00,b679583873396804
2007e732c71a4b4ebab2c49e9e067f2f,8100011,TRUEFORM NITRILE EXAM GLOVE 3.1 MIL- MED,SW Safety,8100011,gloves,https://www.safcodental.com/product/trueform,https://www.safcodental.com/product/trueform,12.99,USD,visible,,In stock,"SW Safety TrueForm Exam Glove TF-95RB 3.1 MIL in Royal Blue. Medical grade glove with textured fingertips and reinforced palm. Perfect for dental, medical applications as well as veterinarian and dairy. ",{},"https://www.safcodental.com/media/catalog/product/d/r/drcdc.jpg?width=265&height=265&canvas=265,265&optimize=medium&fit=bounds",,structured,2026-08-19T03:50:57.212063+00:00,86a9fbba2b786c26
aa4895cf8ec247d2a1ac3e383a9cf0ac,8100012,TRUEFORM NITRILE EXAM GLOVE 3.1 MIL- LAR,SW Safety,8100012,gloves,https://www.safcodental.com/product/trueform,https://www.safcodental.com/product/trueform,17.97,USD,visible,,In stock,"SW Safety TrueForm Exam Glove TF-95RB 3.1 MIL in Royal Blue. Medical grade glove with textured fingertips and reinforced palm. Perfect for dental, medical applications as well as veterinarian and dairy. ",{},"https://www.safcodental.com/media/catalog/product/d/r/drcdc.jpg?width=265&height=265&canvas=265,265&optimize=medium&fit=bounds",,structured,2026-08-19T03:50:57.221115+00:00,5e12a54491cf38da
e496342fa53347099b1b6bd88f8b9dcb,8100013,TRUEFORM NITRILE EXAM GLOVE 3.1 MIL - X,SW Safety,8100013,gloves,https://www.safcodental.com/product/trueform,https://www.safcodental.com/product/trueform,17.97,USD,visible,,In stock,"SW Safety TrueForm Exam Glove TF-95RB 3.1 MIL in Royal Blue. Medical grade glove with textured fingertips and reinforced palm. Perfect for dental, medical applications as well as veterinarian and dairy. ",{},"https://www.safcodental.com/media/catalog/product/d/r/drcdc.jpg?width=265&height=265&canvas=265,265&optimize=medium&fit=bounds",,structured,2026-08-19T03:50:57.230830+00:00,cc2f9b928b20efbe
4b956f4884ee464293d9b693a40ebd9f,3890030,Microflex MidKnight Touch gloves x-small 100/box,Ansell,3890030,gloves,https://www.safcodental.com/product/microflex-reg-midknight-trade-touch,https://www.safcodental.com/product/microflex-reg-midknight-trade-touch,11.49,USD,visible,100/box,In stock,Powder-free nitrile exam gloves. ERGOFORM technology reduces muscle strain and improves comfort Textured fingertip finish Beaded cuff Ambidextrous Black color Thickness: at palm 2.8 mils; at fingertip 4.3 mils 100 gloves per box Order 10 boxes to purchase a case,{},"https://www.safcodental.com/media/catalog/product/d/r/drcdb.jpg?width=265&height=265&canvas=265,265&optimize=medium&fit=bounds",,structured,2026-08-19T03:50:59.254173+00:00,886f53ccdabe65f6
e5c6cc902f5348f39cebbbdeb34c750a,3890032,Microflex MidKnight Touch gloves small 100/box,Ansell,3890032,gloves,https://www.safcodental.com/product/microflex-reg-midknight-trade-touch,https://www.safcodental.com/product/microflex-reg-midknight-trade-touch,11.49,USD,visible,100/box,In stock,Powder-free nitrile exam gloves. ERGOFORM technology reduces muscle strain and improves comfort Textured fingertip finish Beaded cuff Ambidextrous Black color Thickness: at palm 2.8 mils; at fingertip 4.3 mils 100 gloves per box Order 10 boxes to purchase a case,{},"https://www.safcodental.com/media/catalog/product/d/r/drcdb.jpg?width=265&height=265&canvas=265,265&optimize=medium&fit=bounds",,structured,2026-08-19T03:50:59.261292+00:00,4ac0192788bf9a64
d246136d528a4815ab3f80db9ff6ad2f,3890034,Microflex MidKnight Touch gloves medium 100/box,Ansell,3890034,gloves,https://www.safcodental.com/product/microflex-reg-midknight-trade-touch,https://www.safcodental.com/product/microflex-reg-midknight-trade-touch,11.49,USD,visible,100/box,In stock,Powder-free nitrile exam gloves. ERGOFORM technology reduces muscle strain and improves comfort Textured fingertip finish Beaded cuff Ambidextrous Black color Thickness: at palm 2.8 mils; at fingertip 4.3 mils 100 gloves per box Order 10 boxes to purchase a case,{},"https://www.safcodental.com/media/catalog/product/d/r/drcdb.jpg?width=265&height=265&canvas=265,265&optimize=medium&fit=bounds",,structured,2026-08-19T03:50:59.270284+00:00,9c982fb8628bed68
58b8102f4bfe4ff385afd713e4bc3f39,3890036,Microflex MidKnight Touch gloves large 100/box,Ansell,3890036,gloves,https://www.safcodental.com/product/microflex-reg-midknight-trade-touch,https://www.safcodental.com/product/microflex-reg-midknight-trade-touch,11.49,USD,visible,100/box,In stock,Powder-free nitrile exam gloves. ERGOFORM technology reduces muscle strain and improves comfort Textured fingertip finish Beaded cuff Ambidextrous Black color Thickness: at palm 2.8 mils; at fingertip 4.3 mils 100 gloves per box Order 10 boxes to purchase a case,{},"https://www.safcodental.com/media/catalog/product/d/r/drcdb.jpg?width=265&height=265&canvas=265,265&optimize=medium&fit=bounds",,structured,2026-08-19T03:50:59.280283+00:00,3b8a9ceb298c723f
d6778d6f00154f24bd2d6697e011eea0,3890038,Microflex MidKnight Touch gloves x-large 100/box,Ansell,3890038,gloves,https://www.safcodental.com/product/microflex-reg-midknight-trade-touch,https://www.safcodental.com/product/microflex-reg-midknight-trade-touch,11.49,USD,visible,100/box,In stock,Powder-free nitrile exam gloves. ERGOFORM technology reduces muscle strain and improves comfort Textured fingertip finish Beaded cuff Ambidextrous Black color Thickness: at palm 2.8 mils; at fingertip 4.3 mils 100 gloves per box Order 10 boxes to purchase a case,{},"https://www.safcodental.com/media/catalog/product/d/r/drcdb.jpg?width=265&height=265&canvas=265,265&optimize=medium&fit=bounds",,structured,2026-08-19T03:50:59.288238+00:00,643170eb9712cf1f
30a9c7a1c2ae46cfaf0416fc8707b12b,3890050,"Micro-Touch NitraFree Blue nitrile gloves x-small, 200/box",Ansell,3890050,gloves,https://www.safcodental.com/product/micro-touch-reg-nitrafree-trade-blue,https://www.safcodental.com/product/micro-touch-reg-nitrafree-trade-blue,19.99,USD,visible,200/box,In stock,Powder-free nitrile exam gloves. Comfortable and reliable protection with a low dermatits potential. Made without sulfur-based chemical accelerants for tactility and to help prevent allergic reactions. Textured fingertip finish Beaded cuff Ambidextrous Blue color Thickness: at palm 2.8 mils; at fingertip 3.9 mils 200 gloves per box (X-large 180 gloves per box) Order 10 boxes to purchase a case Tested for use with chemotherapy drugs,{},"https://www.safcodental.com/media/catalog/product/d/r/drccz.jpg?width=265&height=265&canvas=265,265&optimize=medium&fit=bounds",,structured,2026-08-19T03:51:01.200809+00:00,c101cadd0aa933e1
a09faf9861d8459cb1963409a889ec93,3890052,"Micro-Touch NitraFree Blue nitrile gloves small, 200/box",Ansell,3890052,gloves,https://www.safcodental.com/product/micro-touch-reg-nitrafree-trade-blue,https://www.safcodental.com/product/micro-touch-reg-nitrafree-trade-blue,19.99,USD,visible,200/box,In stock,Powder-free nitrile exam gloves. Comfortable and reliable protection with a low dermatits potential. Made without sulfur-based chemical accelerants for tactility and to help prevent allergic reactions. Textured fingertip finish Beaded cuff Ambidextrous Blue color Thickness: at palm 2.8 mils; at fingertip 3.9 mils 200 gloves per box (X-large 180 gloves per box) Order 10 boxes to purchase a case Tested for use with chemotherapy drugs,{},"https://www.safcodental.com/media/catalog/product/d/r/drccz.jpg?width=265&height=265&canvas=265,265&optimize=medium&fit=bounds",,structured,2026-08-19T03:51:01.206570+00:00,17ba7ea69a109b23
afba2e0e84e74e14848a57043e9000b5,3890054,"Micro-Touch NitraFree Blue nitrile gloves medium, 200/box",Ansell,3890054,gloves,https://www.safcodental.com/product/micro-touch-reg-nitrafree-trade-blue,https://www.safcodental.com/product/micro-touch-reg-nitrafree-trade-blue,19.99,USD,visible,200/box,In stock,Powder-free nitrile exam gloves. Comfortable and reliable protection with a low dermatits potential. Made without sulfur-based chemical accelerants for tactility and to help prevent allergic reactions. Textured fingertip finish Beaded cuff Ambidextrous Blue color Thickness: at palm 2.8 mils; at fingertip 3.9 mils 200 gloves per box (X-large 180 gloves per box) Order 10 boxes to purchase a case Tested for use with chemotherapy drugs,{},"https://www.safcodental.com/media/catalog/product/d/r/drccz.jpg?width=265&height=265&canvas=265,265&optimize=medium&fit=bounds",,structured,2026-08-19T03:51:01.212507+00:00,49c09125e8d555ec
8aa1b3a603d0412cad072fb97cb0d193,3890056,"Micro-Touch NitraFree Blue nitrile gloves large, 200/box",Ansell,3890056,gloves,https://www.safcodental.com/product/micro-touch-reg-nitrafree-trade-blue,https://www.safcodental.com/product/micro-touch-reg-nitrafree-trade-blue,19.99,USD,visible,200/box,In stock,Powder-free nitrile exam gloves. Comfortable and reliable protection with a low dermatits potential. Made without sulfur-based chemical accelerants for tactility and to help prevent allergic reactions. Textured fingertip finish Beaded cuff Ambidextrous Blue color Thickness: at palm 2.8 mils; at fingertip 3.9 mils 200 gloves per box (X-large 180 gloves per box) Order 10 boxes to purchase a case Tested for use with chemotherapy drugs,{},"https://www.safcodental.com/media/catalog/product/d/r/drccz.jpg?width=265&height=265&canvas=265,265&optimize=medium&fit=bounds",,structured,2026-08-19T03:51:01.218521+00:00,689e834c91bccd38
1191c02c921f4bc59e64f7c5eb9713a2,3890058,"Micro-Touch NitraFree Blue nitrile gloves x-large, 180/box",Ansell,3890058,gloves,https://www.safcodental.com/product/micro-touch-reg-nitrafree-trade-blue,https://www.safcodental.com/product/micro-touch-reg-nitrafree-trade-blue,19.99,USD,visible,180/box,In stock,Powder-free nitrile exam gloves. Comfortable and reliable protection with a low dermatits potential. Made without sulfur-based chemical accelerants for tactility and to help prevent allergic reactions. Textured fingertip finish Beaded cuff Ambidextrous Blue color Thickness: at palm 2.8 mils; at fingertip 3.9 mils 200 gloves per box (X-large 180 gloves per box) Order 10 boxes to purchase a case Tested for use with chemotherapy drugs,{},"https://www.safcodental.com/media/catalog/product/d/r/drccz.jpg?width=265&height=265&canvas=265,265&optimize=medium&fit=bounds",,structured,2026-08-19T03:51:01.224655+00:00,66e26fc84f97a5df
31a117ac44f64edfbd96d345c1b429e8,4712120,Cranberry Carbon Air nitrile gloves x-small 300/box,Cranberry,4712120,gloves,https://www.safcodental.com/product/carbon-reg-air,https://www.safcodental.com/product/carbon-reg-air,29.49,USD,visible,300/box,In stock,"Powder-free nitrile exam gloves. Exceptionally strong and flexible formulation prevents tearing, especially while donning. Textured fingertip finish Beaded cuff Ambidextrous Black Thickness: at palm 2.0mils; at fingertips 2.7mils 300 gloves per box (250 for x-large) Order 10 boxes to purchase a case",{},"https://www.safcodental.com/media/catalog/product/d/r/drccy_2.jpg?width=265&height=265&canvas=265,265&optimize=medium&fit=bounds",,structured,2026-08-19T03:51:03.217725+00:00,cc45b7caf956436b
bb68e1f05697445e832066daefe5b37d,4712122,Cranberry Carbon Air nitrile gloves small 300/box,Cranberry,4712122,gloves,https://www.safcodental.com/product/carbon-reg-air,https://www.safcodental.com/product/carbon-reg-air,29.49,USD,visible,300/box,In stock,"Powder-free nitrile exam gloves. Exceptionally strong and flexible formulation prevents tearing, especially while donning. Textured fingertip finish Beaded cuff Ambidextrous Black Thickness: at palm 2.0mils; at fingertips 2.7mils 300 gloves per box (250 for x-large) Order 10 boxes to purchase a case",{},"https://www.safcodental.com/media/catalog/product/d/r/drccy_2.jpg?width=265&height=265&canvas=265,265&optimize=medium&fit=bounds",,structured,2026-08-19T03:51:03.224648+00:00,f56404e23133c90a
5a95deff23be4546847740a1cc4bb3dd,4712124,Cranberry Carbon Air nitrile gloves medium 300/box,Cranberry,4712124,gloves,https://www.safcodental.com/product/carbon-reg-air,https://www.safcodental.com/product/carbon-reg-air,29.49,USD,visible,300/box,In stock,"Powder-free nitrile exam gloves. Exceptionally strong and flexible formulation prevents tearing, especially while donning. Textured fingertip finish Beaded cuff Ambidextrous Black Thickness: at palm 2.0mils; at fingertips 2.7mils 300 gloves per box (250 for x-large) Order 10 boxes to purchase a case",{},"https://www.safcodental.com/media/catalog/product/d/r/drccy_2.jpg?width=265&height=265&canvas=265,265&optimize=medium&fit=bounds",,structured,2026-08-19T03:51:03.232094+00:00,3c1487e7de05c46e
0819bee3213f45af8713f3ba083c4102,4712126,Cranberry Carbon Air nitrile gloves large 300/box,Cranberry,4712126,gloves,https://www.safcodental.com/product/carbon-reg-air,https://www.safcodental.com/product/carbon-reg-air,29.49,USD,visible,300/box,In stock,"Powder-free nitrile exam gloves. Exceptionally strong and flexible formulation prevents tearing, especially while donning. Textured fingertip finish Beaded cuff Ambidextrous Black Thickness: at palm 2.0mils; at fingertips 2.7mils 300 gloves per box (250 for x-large) Order 10 boxes to purchase a case",{},"https://www.safcodental.com/media/catalog/product/d/r/drccy_2.jpg?width=265&height=265&canvas=265,265&optimize=medium&fit=bounds",,structured,2026-08-19T03:51:03.238621+00:00,d82cf89225f9deb5
c4ba6ff2053245409bf9d828f2e06d47,4712128,Cranberry Carbon Air nitrile gloves x-large 250/box,Cranberry,4712128,gloves,https://www.safcodental.com/product/carbon-reg-air,https://www.safcodental.com/product/carbon-reg-air,29.49,USD,visible,250/box,In stock,"Powder-free nitrile exam gloves. Exceptionally strong and flexible formulation prevents tearing, especially while donning. Textured fingertip finish Beaded cuff Ambidextrous Black Thickness: at palm 2.0mils; at fingertips 2.7mils 300 gloves per box (250 for x-large) Order 10 boxes to purchase a case",{},"https://www.safcodental.com/media/catalog/product/d/r/drccy_2.jpg?width=265&height=265&canvas=265,265&optimize=medium&fit=bounds",,structured,2026-08-19T03:51:03.246756+00:00,4efc9b37020d7b6a
4487fc5a091a4c108425343ae049e057,1027972,Nitrilex Black nitrile gloves x-small 200/box,Safco,1027972,gloves,https://www.safcodental.com/product/safco-nitrilex-black,https://www.safcodental.com/product/safco-nitrilex-black,13.29,USD,visible,200/box,In stock,Powder-free nitrile exam gloves. Our strongest and thinnest nitrile glove yet. Designed to preserve the sensitivity you have come to expect from the Nitrilex line of gloves. Textured fingertip finish Beaded cuff Non-chlorinated Ambidextreous Black color Polymer coated for easy donning Thickness: at palm 2.0 mils; at fingertip 2.3 mils 200 gloves per box Order 10 boxes to purchase a case,{},"https://www.safcodental.com/media/catalog/product/d/r/drccx.jpg?width=265&height=265&canvas=265,265&optimize=medium&fit=bounds",,structured,2026-08-19T03:51:05.222761+00:00,f7af3771b18b3156
807f0eaca0dd48758387c809902e7c77,1027974,Nitrilex Black nitrile gloves small 200/box,Safco,1027974,gloves,https://www.safcodental.com/product/safco-nitrilex-black,https://www.safcodental.com/product/safco-nitrilex-black,13.29,USD,visible,200/box,In stock,Powder-free nitrile exam gloves. Our strongest and thinnest nitrile glove yet. Designed to preserve the sensitivity you have come to expect from the Nitrilex line of gloves. Textured fingertip finish Beaded cuff Non-chlorinated Ambidextreous Black color Polymer coated for easy donning Thickness: at palm 2.0 mils; at fingertip 2.3 mils 200 gloves per box Order 10 boxes to purchase a case,{},"https://www.safcodental.com/media/catalog/product/d/r/drccx.jpg?width=265&height=265&canvas=265,265&optimize=medium&fit=bounds",,structured,2026-08-19T03:51:05.229987+00:00,9112b117fe6ca9d5
8f69c123042041d6827d7772946df816,1027976,Nitrilex Black nitrile gloves medium 200/box,Safco,1027976,gloves,https://www.safcodental.com/product/safco-nitrilex-black,https://www.safcodental.com/product/safco-nitrilex-black,13.29,USD,visible,200/box,In stock,Powder-free nitrile exam gloves. Our strongest and thinnest nitrile glove yet. Designed to preserve the sensitivity you have come to expect from the Nitrilex line of gloves. Textured fingertip finish Beaded cuff Non-chlorinated Ambidextreous Black color Polymer coated for easy donning Thickness: at palm 2.0 mils; at fingertip 2.3 mils 200 gloves per box Order 10 boxes to purchase a case,{},"https://www.safcodental.com/media/catalog/product/d/r/drccx.jpg?width=265&height=265&canvas=265,265&optimize=medium&fit=bounds",,structured,2026-08-19T03:51:05.236515+00:00,13b8eba8700b405e
90c32556cb1a40dba40981839ea53e5f,1027978,Nitrilex Black nitrile gloves large 200/box,Safco,1027978,gloves,https://www.safcodental.com/product/safco-nitrilex-black,https://www.safcodental.com/product/safco-nitrilex-black,13.29,USD,visible,200/box,In stock,Powder-free nitrile exam gloves. Our strongest and thinnest nitrile glove yet. Designed to preserve the sensitivity you have come to expect from the Nitrilex line of gloves. Textured fingertip finish Beaded cuff Non-chlorinated Ambidextreous Black color Polymer coated for easy donning Thickness: at palm 2.0 mils; at fingertip 2.3 mils 200 gloves per box Order 10 boxes to purchase a case,{},"https://www.safcodental.com/media/catalog/product/d/r/drccx.jpg?width=265&height=265&canvas=265,265&optimize=medium&fit=bounds",,structured,2026-08-19T03:51:05.243007+00:00,a6caad4bac80979e
db6099295f2f49b2a0a603c6a18bedcb,1027980,Nitrilex Black nitrile gloves x-large 200/box,Safco,1027980,gloves,https://www.safcodental.com/product/safco-nitrilex-black,https://www.safcodental.com/product/safco-nitrilex-black,13.29,USD,visible,200/box,In stock,Powder-free nitrile exam gloves. Our strongest and thinnest nitrile glove yet. Designed to preserve the sensitivity you have come to expect from the Nitrilex line of gloves. Textured fingertip finish Beaded cuff Non-chlorinated Ambidextreous Black color Polymer coated for easy donning Thickness: at palm 2.0 mils; at fingertip 2.3 mils 200 gloves per box Order 10 boxes to purchase a case,{},"https://www.safcodental.com/media/catalog/product/d/r/drccx.jpg?width=265&height=265&canvas=265,265&optimize=medium&fit=bounds",,structured,2026-08-19T03:51:05.249537+00:00,57050a56bd1be4de
040d2a0bc6f54bc18fa9abc9438cc439,5130082,Ossify Min/Demin Cortical Cancellous bone graft 1cc jar,Surgical Esthetics,5130082,sutures-surgical-products,https://www.safcodental.com/product/ossify-sup-reg-sup-min-demin-cortical-cancellous-bone-graft,https://www.safcodental.com/product/ossify-sup-reg-sup-min-demin-cortical-cancellous-bone-graft,102.99,USD,visible,,In stock,"Ossify Min/Demin Cortical Cancellous Bone Allograft is a versatile, all-in-one bone graft designed to promote optimal bone regeneration across a wide range of clinical applications. Composed of a 50/50 blend of cortical and cancellous bone, the graft features 30% demineralized bone, leaving 70% of the material mineralized. This unique formulation enhances both osteoconductive and osteoinductive properties, supporting superior bone healing. Suitable for a variety of bone regeneration procedures, including socket grafting, ridge preservation, guided bone regeneration (GBR), and sinus augmentation. 0.5 – 1.0mm particle size. ",{},"https://www.safcodental.com/media/catalog/product/p/f/pfwre.jpg?width=265&height=265&canvas=265,265&optimize=medium&fit=bounds",,structured,2026-08-19T03:51:07.230736+00:00,3ca2afb6759d31d7
218e6813dc36445ca2091ba5a747131d,5130084,Ossify Min/Demin Cortical Cancellous bone graft 2cc jar,Surgical Esthetics,5130084,sutures-surgical-products,https://www.safcodental.com/product/ossify-sup-reg-sup-min-demin-cortical-cancellous-bone-graft,https://www.safcodental.com/product/ossify-sup-reg-sup-min-demin-cortical-cancellous-bone-graft,158.99,USD,visible,,In stock,"Ossify Min/Demin Cortical Cancellous Bone Allograft is a versatile, all-in-one bone graft designed to promote optimal bone regeneration across a wide range of clinical applications. Composed of a 50/50 blend of cortical and cancellous bone, the graft features 30% demineralized bone, leaving 70% of the material mineralized. This unique formulation enhances both osteoconductive and osteoinductive properties, supporting superior bone healing. Suitable for a variety of bone regeneration procedures, including socket grafting, ridge preservation, guided bone regeneration (GBR), and sinus augmentation. 0.5 – 1.0mm particle size. ",{},"https://www.safcodental.com/media/catalog/product/p/f/pfwre.jpg?width=265&height=265&canvas=265,265&optimize=medium&fit=bounds",,structured,2026-08-19T03:51:07.236801+00:00,0f2fe560cecd42ed
c135b8582f9d4d2b981eb1ba0d93d938,6130080,Ossify Min/Demin Cortical Cancellous bone graft 0.5cc jar,Surgical Esthetics,6130080,sutures-surgical-products,https://www.safcodental.com/product/ossify-sup-reg-sup-min-demin-cortical-cancellous-bone-graft,https://www.safcodental.com/product/ossify-sup-reg-sup-min-demin-cortical-cancellous-bone-graft,79.99,USD,visible,,In stock,"Ossify Min/Demin Cortical Cancellous Bone Allograft is a versatile, all-in-one bone graft designed to promote optimal bone regeneration across a wide range of clinical applications. Composed of a 50/50 blend of cortical and cancellous bone, the graft features 30% demineralized bone, leaving 70% of the material mineralized. This unique formulation enhances both osteoconductive and osteoinductive properties, supporting superior bone healing. Suitable for a variety of bone regeneration procedures, including socket grafting, ridge preservation, guided bone regeneration (GBR), and sinus augmentation. 0.5 – 1.0mm particle size. ",{},"https://www.safcodental.com/media/catalog/product/p/f/pfwre.jpg?width=265&height=265&canvas=265,265&optimize=medium&fit=bounds",,structured,2026-08-19T03:51:07.244261+00:00,55626e7ba359a985
3cf28ca3c89c4b56b8cf58862ee67f14,6130001,Mineralized cancellous bone .25-1.0mm .5cc jar,Surgical Esthetics,6130001,sutures-surgical-products,https://www.safcodental.com/product/ossif-i-sem-trade,https://www.safcodental.com/product/ossif-i-sem-trade,71.49,USD,visible,,In stock,"Mineralized cancellous bone allograft Ideal for filling periodontal defects, extraction sockets, apicoectomy and root-resection. Can be used in conjunction with placement of dental implants. Double-sterile packaged jars can be taken directly to the sterile surgical site; material does not need to be transferred to another container. Mineralized cortical/cancellous bone allograftExcellent osteoconductive scaffold used in a variety of surgical procedures, including: extraction socket grafting, implant placement, osseous ridge repair, and sinus augmentations. Outstanding inner porosity and surface area, promotes clot formation and consistent, stable ossification and space maintenance. Double-sterile packaged jars; material does not need to be transferred to another container. Demineralized cancellous bone allograft sponge stripsPliable and resilient sponge matrix that can be adapted to numerous clinical needs including horizontal or vertical ridge augmentation, extraction sockets, recession defects, and can be used in conjunction with the placement of dental implants. Quickly becomes well vascularized following placement, and acts as an osteoconductive and osteoinductive scaffold for bone formation.",{},"https://www.safcodental.com/media/catalog/product/p/f/pfwrd.jpg?width=265&height=265&canvas=265,265&optimize=medium&fit=bounds",,structured,2026-08-19T03:51:09.226092+00:00,f226e5f9bc00e501
0b5fa914ccfc467fa851aec105c9ce2d,6130003,Mineralized cancellous bone .25-1.0mm 1.0cc jar,Surgical Esthetics,6130003,sutures-surgical-products,https://www.safcodental.com/product/ossif-i-sem-trade,https://www.safcodental.com/product/ossif-i-sem-trade,93.99,USD,visible,,In stock,"Mineralized cancellous bone allograft Ideal for filling periodontal defects, extraction sockets, apicoectomy and root-resection. Can be used in conjunction with placement of dental implants. Double-sterile packaged jars can be taken directly to the sterile surgical site; material does not need to be transferred to another container. Mineralized cortical/cancellous bone allograftExcellent osteoconductive scaffold used in a variety of surgical procedures, including: extraction socket grafting, implant placement, osseous ridge repair, and sinus augmentations. Outstanding inner porosity and surface area, promotes clot formation and consistent, stable ossification and space maintenance. Double-sterile packaged jars; material does not need to be transferred to another container. Demineralized cancellous bone allograft sponge stripsPliable and resilient sponge matrix that can be adapted to numerous clinical needs including horizontal or vertical ridge augmentation, extraction sockets, recession defects, and can be used in conjunction with the placement of dental implants. Quickly becomes well vascularized following placement, and acts as an osteoconductive and osteoinductive scaffold for bone formation.",{},"https://www.safcodental.com/media/catalog/product/p/f/pfwrd.jpg?width=265&height=265&canvas=265,265&optimize=medium&fit=bounds",,structured,2026-08-19T03:51:09.232864+00:00,3e00d4f926771774
7908eb8966254187b99225be2f786a11,6130005,Mineralized cancellous bone .25-1.0mm 2.0cc jar,Surgical Esthetics,6130005,sutures-surgical-products,https://www.safcodental.com/product/ossif-i-sem-trade,https://www.safcodental.com/product/ossif-i-sem-trade,137.49,USD,visible,,In stock,"Mineralized cancellous bone allograft Ideal for filling periodontal defects, extraction sockets, apicoectomy and root-resection. Can be used in conjunction with placement of dental implants. Double-sterile packaged jars can be taken directly to the sterile surgical site; material does not need to be transferred to another container. Mineralized cortical/cancellous bone allograftExcellent osteoconductive scaffold used in a variety of surgical procedures, including: extraction socket grafting, implant placement, osseous ridge repair, and sinus augmentations. Outstanding inner porosity and surface area, promotes clot formation and consistent, stable ossification and space maintenance. Double-sterile packaged jars; material does not need to be transferred to another container. Demineralized cancellous bone allograft sponge stripsPliable and resilient sponge matrix that can be adapted to numerous clinical needs including horizontal or vertical ridge augmentation, extraction sockets, recession defects, and can be used in conjunction with the placement of dental implants. Quickly becomes well vascularized following placement, and acts as an osteoconductive and osteoinductive scaffold for bone formation.",{},"https://www.safcodental.com/media/catalog/product/p/f/pfwrd.jpg?width=265&height=265&canvas=265,265&optimize=medium&fit=bounds",,structured,2026-08-19T03:51:09.239250+00:00,9e603553e41b7105
941f86a4350c4f7ea8cfe657449c2a21,6130007,Mineralized cancellous bone 1.0-2.0mm .5cc jar,Surgical Esthetics,6130007,sutures-surgical-products,https://www.safcodental.com/product/ossif-i-sem-trade,https://www.safcodental.com/product/ossif-i-sem-trade,71.49,USD,visible,,In stock,"Mineralized cancellous bone allograft Ideal for filling periodontal defects, extraction sockets, apicoectomy and root-resection. Can be used in conjunction with placement of dental implants. Double-sterile packaged jars can be taken directly to the sterile surgical site; material does not need to be transferred to another container. Mineralized cortical/cancellous bone allograftExcellent osteoconductive scaffold used in a variety of surgical procedures, including: extraction socket grafting, implant placement, osseous ridge repair, and sinus augmentations. Outstanding inner porosity and surface area, promotes clot formation and consistent, stable ossification and space maintenance. Double-sterile packaged jars; material does not need to be transferred to another container. Demineralized cancellous bone allograft sponge stripsPliable and resilient sponge matrix that can be adapted to numerous clinical needs including horizontal or vertical ridge augmentation, extraction sockets, recession defects, and can be used in conjunction with the placement of dental implants. Quickly becomes well vascularized following placement, and acts as an osteoconductive and osteoinductive scaffold for bone formation.",{},"https://www.safcodental.com/media/catalog/product/p/f/pfwrd.jpg?width=265&height=265&canvas=265,265&optimize=medium&fit=bounds",,structured,2026-08-19T03:51:09.245807+00:00,2c2bc9d98c05d1be
2b7029111fa540b2be5c55c18859fe37,6130009,Mineralized cancellous bone 1.0-2.0mm 1.0cc jar,Surgical Esthetics,6130009,sutures-surgical-products,https://www.safcodental.com/product/ossif-i-sem-trade,https://www.safcodental.com/product/ossif-i-sem-trade,93.99,USD,visible,,In stock,"Mineralized cancellous bone allograft Ideal for filling periodontal defects, extraction sockets, apicoectomy and root-resection. Can be used in conjunction with placement of dental implants. Double-sterile packaged jars can be taken directly to the sterile surgical site; material does not need to be transferred to another container. Mineralized cortical/cancellous bone allograftExcellent osteoconductive scaffold used in a variety of surgical procedures, including: extraction socket grafting, implant placement, osseous ridge repair, and sinus augmentations. Outstanding inner porosity and surface area, promotes clot formation and consistent, stable ossification and space maintenance. Double-sterile packaged jars; material does not need to be transferred to another container. Demineralized cancellous bone allograft sponge stripsPliable and resilient sponge matrix that can be adapted to numerous clinical needs including horizontal or vertical ridge augmentation, extraction sockets, recession defects, and can be used in conjunction with the placement of dental implants. Quickly becomes well vascularized following placement, and acts as an osteoconductive and osteoinductive scaffold for bone formation.",{},"https://www.safcodental.com/media/catalog/product/p/f/pfwrd.jpg?width=265&height=265&canvas=265,265&optimize=medium&fit=bounds",,structured,2026-08-19T03:51:09.255164+00:00,a078937cd573dc5f
9a76897b343c4c22b702ead2debc64bc,6130011,Mineralized cancellous bone 1.0-2.0mm 2.0cc jar,Surgical Esthetics,6130011,sutures-surgical-products,https://www.safcodental.com/product/ossif-i-sem-trade,https://www.safcodental.com/product/ossif-i-sem-trade,137.49,USD,visible,,In stock,"Mineralized cancellous bone allograft Ideal for filling periodontal defects, extraction sockets, apicoectomy and root-resection. Can be used in conjunction with placement of dental implants. Double-sterile packaged jars can be taken directly to the sterile surgical site; material does not need to be transferred to another container. Mineralized cortical/cancellous bone allograftExcellent osteoconductive scaffold used in a variety of surgical procedures, including: extraction socket grafting, implant placement, osseous ridge repair, and sinus augmentations. Outstanding inner porosity and surface area, promotes clot formation and consistent, stable ossification and space maintenance. Double-sterile packaged jars; material does not need to be transferred to another container. Demineralized cancellous bone allograft sponge stripsPliable and resilient sponge matrix that can be adapted to numerous clinical needs including horizontal or vertical ridge augmentation, extraction sockets, recession defects, and can be used in conjunction with the placement of dental implants. Quickly becomes well vascularized following placement, and acts as an osteoconductive and osteoinductive scaffold for bone formation.",{},"https://www.safcodental.com/media/catalog/product/p/f/pfwrd.jpg?width=265&height=265&canvas=265,265&optimize=medium&fit=bounds",,structured,2026-08-19T03:51:09.261479+00:00,46153116d496a659
acd5403d85e5490faad9460d893b9ce6,6130012,Mineralized cortical cancellous bone .6-1.25mm 0.25cc jar,Surgical Esthetics,6130012,sutures-surgical-products,https://www.safcodental.com/product/ossif-i-sem-trade,https://www.safcodental.com/product/ossif-i-sem-trade,41.49,USD,visible,,In stock,"Mineralized cancellous bone allograft Ideal for filling periodontal defects, extraction sockets, apicoectomy and root-resection. Can be used in conjunction with placement of dental implants. Double-sterile packaged jars can be taken directly to the sterile surgical site; material does not need to be transferred to another container. Mineralized cortical/cancellous bone allograftExcellent osteoconductive scaffold used in a variety of surgical procedures, including: extraction socket grafting, implant placement, osseous ridge repair, and sinus augmentations. Outstanding inner porosity and surface area, promotes clot formation and consistent, stable ossification and space maintenance. Double-sterile packaged jars; material does not need to be transferred to another container. Demineralized cancellous bone allograft sponge stripsPliable and resilient sponge matrix that can be adapted to numerous clinical needs including horizontal or vertical ridge augmentation, extraction sockets, recession defects, and can be used in conjunction with the placement of dental implants. Quickly becomes well vascularized following placement, and acts as an osteoconductive and osteoinductive scaffold for bone formation.",{},"https://www.safcodental.com/media/catalog/product/p/f/pfwrd.jpg?width=265&height=265&canvas=265,265&optimize=medium&fit=bounds",,structured,2026-08-19T03:51:09.268791+00:00,91afa05b7c8abd3d
6b2bfe17175242508de2502bbb716507,6130013,Mineralized cortical cancellous bone .6-1.25mm 0.5cc jar,Surgical Esthetics,6130013,sutures-surgical-products,https://www.safcodental.com/product/ossif-i-sem-trade,https://www.safcodental.com/product/ossif-i-sem-trade,65.99,USD,visible,,In stock,"Mineralized cancellous bone allograft Ideal for filling periodontal defects, extraction sockets, apicoectomy and root-resection. Can be used in conjunction with placement of dental implants. Double-sterile packaged jars can be taken directly to the sterile surgical site; material does not need to be transferred to another container. Mineralized cortical/cancellous bone allograftExcellent osteoconductive scaffold used in a variety of surgical procedures, including: extraction socket grafting, implant placement, osseous ridge repair, and sinus augmentations. Outstanding inner porosity and surface area, promotes clot formation and consistent, stable ossification and space maintenance. Double-sterile packaged jars; material does not need to be transferred to another container. Demineralized cancellous bone allograft sponge stripsPliable and resilient sponge matrix that can be adapted to numerous clinical needs including horizontal or vertical ridge augmentation, extraction sockets, recession defects, and can be used in conjunction with the placement of dental implants. Quickly becomes well vascularized following placement, and acts as an osteoconductive and osteoinductive scaffold for bone formation.",{},"https://www.safcodental.com/media/catalog/product/p/f/pfwrd.jpg?width=265&height=265&canvas=265,265&optimize=medium&fit=bounds",,structured,2026-08-19T03:51:09.275341+00:00,5eff9ac92a95328b
b04961aded6c40f8b5506091a130590e,6130015,Mineralized cortical cancellous bone .6-1.25mm 1.0cc jar,Surgical Esthetics,6130015,sutures-surgical-products,https://www.safcodental.com/product/ossif-i-sem-trade,https://www.safcodental.com/product/ossif-i-sem-trade,91.99,USD,visible,,In stock,"Mineralized cancellous bone allograft Ideal for filling periodontal defects, extraction sockets, apicoectomy and root-resection. Can be used in conjunction with placement of dental implants. Double-sterile packaged jars can be taken directly to the sterile surgical site; material does not need to be transferred to another container. Mineralized cortical/cancellous bone allograftExcellent osteoconductive scaffold used in a variety of surgical procedures, including: extraction socket grafting, implant placement, osseous ridge repair, and sinus augmentations. Outstanding inner porosity and surface area, promotes clot formation and consistent, stable ossification and space maintenance. Double-sterile packaged jars; material does not need to be transferred to another container. Demineralized cancellous bone allograft sponge stripsPliable and resilient sponge matrix that can be adapted to numerous clinical needs including horizontal or vertical ridge augmentation, extraction sockets, recession defects, and can be used in conjunction with the placement of dental implants. Quickly becomes well vascularized following placement, and acts as an osteoconductive and osteoinductive scaffold for bone formation.",{},"https://www.safcodental.com/media/catalog/product/p/f/pfwrd.jpg?width=265&height=265&canvas=265,265&optimize=medium&fit=bounds",,structured,2026-08-19T03:51:09.282276+00:00,a5c522e5b58dbf4e
cd805f2712944a9493d9762209d97389,6130017,Mineralized cortical cancellous bone .6-1.25mm 2.0cc jar,Surgical Esthetics,6130017,sutures-surgical-products,https://www.safcodental.com/product/ossif-i-sem-trade,https://www.safcodental.com/product/ossif-i-sem-trade,130.99,USD,visible,,In stock,"Mineralized cancellous bone allograft Ideal for filling periodontal defects, extraction sockets, apicoectomy and root-resection. Can be used in conjunction with placement of dental implants. Double-sterile packaged jars can be taken directly to the sterile surgical site; material does not need to be transferred to another container. Mineralized cortical/cancellous bone allograftExcellent osteoconductive scaffold used in a variety of surgical procedures, including: extraction socket grafting, implant placement, osseous ridge repair, and sinus augmentations. Outstanding inner porosity and surface area, promotes clot formation and consistent, stable ossification and space maintenance. Double-sterile packaged jars; material does not need to be transferred to another container. Demineralized cancellous bone allograft sponge stripsPliable and resilient sponge matrix that can be adapted to numerous clinical needs including horizontal or vertical ridge augmentation, extraction sockets, recession defects, and can be used in conjunction with the placement of dental implants. Quickly becomes well vascularized following placement, and acts as an osteoconductive and osteoinductive scaffold for bone formation.",{},"https://www.safcodental.com/media/catalog/product/p/f/pfwrd.jpg?width=265&height=265&canvas=265,265&optimize=medium&fit=bounds",,structured,2026-08-19T03:51:09.288627+00:00,1df9b625fa22f7c5
d8ba92920083497d9b04776ff4fda726,6130019,Mineralized cortical cancellous bone 1.0-2.0mm .5cc jar,Surgical Esthetics,6130019,sutures-surgical-products,https://www.safcodental.com/product/ossif-i-sem-trade,https://www.safcodental.com/product/ossif-i-sem-trade,65.99,USD,visible,,In stock,"Mineralized cancellous bone allograft Ideal for filling periodontal defects, extraction sockets, apicoectomy and root-resection. Can be used in conjunction with placement of dental implants. Double-sterile packaged jars can be taken directly to the sterile surgical site; material does not need to be transferred to another container. Mineralized cortical/cancellous bone allograftExcellent osteoconductive scaffold used in a variety of surgical procedures, including: extraction socket grafting, implant placement, osseous ridge repair, and sinus augmentations. Outstanding inner porosity and surface area, promotes clot formation and consistent, stable ossification and space maintenance. Double-sterile packaged jars; material does not need to be transferred to another container. Demineralized cancellous bone allograft sponge stripsPliable and resilient sponge matrix that can be adapted to numerous clinical needs including horizontal or vertical ridge augmentation, extraction sockets, recession defects, and can be used in conjunction with the placement of dental implants. Quickly becomes well vascularized following placement, and acts as an osteoconductive and osteoinductive scaffold for bone formation.",{},"https://www.safcodental.com/media/catalog/product/p/f/pfwrd.jpg?width=265&height=265&canvas=265,265&optimize=medium&fit=bounds",,structured,2026-08-19T03:51:09.295062+00:00,325db90d2db4f327
66efbb50dc244831a0db45063cf4a694,6130021,Mineralized cortical cancellous bone 1.0-2.0mm 1.0cc jar,Surgical Esthetics,6130021,sutures-surgical-products,https://www.safcodental.com/product/ossif-i-sem-trade,https://www.safcodental.com/product/ossif-i-sem-trade,93.99,USD,visible,,In stock,"Mineralized cancellous bone allograft Ideal for filling periodontal defects, extraction sockets, apicoectomy and root-resection. Can be used in conjunction with placement of dental implants. Double-sterile packaged jars can be taken directly to the sterile surgical site; material does not need to be transferred to another container. Mineralized cortical/cancellous bone allograftExcellent osteoconductive scaffold used in a variety of surgical procedures, including: extraction socket grafting, implant placement, osseous ridge repair, and sinus augmentations. Outstanding inner porosity and surface area, promotes clot formation and consistent, stable ossification and space maintenance. Double-sterile packaged jars; material does not need to be transferred to another container. Demineralized cancellous bone allograft sponge stripsPliable and resilient sponge matrix that can be adapted to numerous clinical needs including horizontal or vertical ridge augmentation, extraction sockets, recession defects, and can be used in conjunction with the placement of dental implants. Quickly becomes well vascularized following placement, and acts as an osteoconductive and osteoinductive scaffold for bone formation.",{},"https://www.safcodental.com/media/catalog/product/p/f/pfwrd.jpg?width=265&height=265&canvas=265,265&optimize=medium&fit=bounds",,structured,2026-08-19T03:51:09.301985+00:00,15c2cbcba56d84ce
9a6bebb79adb4c8891db0b58e309adf6,6130023,Mineralized cortical cancellous bone 1.0-2.0mm 2.0cc jar,Surgical Esthetics,6130023,sutures-surgical-products,https://www.safcodental.com/product/ossif-i-sem-trade,https://www.safcodental.com/product/ossif-i-sem-trade,130.99,USD,visible,,In stock,"Mineralized cancellous bone allograft Ideal for filling periodontal defects, extraction sockets, apicoectomy and root-resection. Can be used in conjunction with placement of dental implants. Double-sterile packaged jars can be taken directly to the sterile surgical site; material does not need to be transferred to another container. Mineralized cortical/cancellous bone allograftExcellent osteoconductive scaffold used in a variety of surgical procedures, including: extraction socket grafting, implant placement, osseous ridge repair, and sinus augmentations. Outstanding inner porosity and surface area, promotes clot formation and consistent, stable ossification and space maintenance. Double-sterile packaged jars; material does not need to be transferred to another container. Demineralized cancellous bone allograft sponge stripsPliable and resilient sponge matrix that can be adapted to numerous clinical needs including horizontal or vertical ridge augmentation, extraction sockets, recession defects, and can be used in conjunction with the placement of dental implants. Quickly becomes well vascularized following placement, and acts as an osteoconductive and osteoinductive scaffold for bone formation.",{},"https://www.safcodental.com/media/catalog/product/p/f/pfwrd.jpg?width=265&height=265&canvas=265,265&optimize=medium&fit=bounds",,structured,2026-08-19T03:51:09.308487+00:00,d66f255c8ea09f42
8460bcb36b5b44cb959602b36d80a269,6130025,Mineralized cortical bone .25-1.0mm .5cc jar,Surgical Esthetics,6130025,sutures-surgical-products,https://www.safcodental.com/product/ossif-i-sem-trade,https://www.safcodental.com/product/ossif-i-sem-trade,65.99,USD,visible,,In stock,"Mineralized cancellous bone allograft Ideal for filling periodontal defects, extraction sockets, apicoectomy and root-resection. Can be used in conjunction with placement of dental implants. Double-sterile packaged jars can be taken directly to the sterile surgical site; material does not need to be transferred to another container. Mineralized cortical/cancellous bone allograftExcellent osteoconductive scaffold used in a variety of surgical procedures, including: extraction socket grafting, implant placement, osseous ridge repair, and sinus augmentations. Outstanding inner porosity and surface area, promotes clot formation and consistent, stable ossification and space maintenance. Double-sterile packaged jars; material does not need to be transferred to another container. Demineralized cancellous bone allograft sponge stripsPliable and resilient sponge matrix that can be adapted to numerous clinical needs including horizontal or vertical ridge augmentation, extraction sockets, recession defects, and can be used in conjunction with the placement of dental implants. Quickly becomes well vascularized following placement, and acts as an osteoconductive and osteoinductive scaffold for bone formation.",{},"https://www.safcodental.com/media/catalog/product/p/f/pfwrd.jpg?width=265&height=265&canvas=265,265&optimize=medium&fit=bounds",,structured,2026-08-19T03:51:09.316802+00:00,93a098df917a52bd
4203e8bbff524d509493bee93e9d0f97,6130027,Mineralized cortical bone .25-1.0mm 1.0cc jar,Surgical Esthetics,6130027,sutures-surgical-products,https://www.safcodental.com/product/ossif-i-sem-trade,https://www.safcodental.com/product/ossif-i-sem-trade,91.99,USD,visible,,In stock,"Mineralized cancellous bone allograft Ideal for filling periodontal defects, extraction sockets, apicoectomy and root-resection. Can be used in conjunction with placement of dental implants. Double-sterile packaged jars can be taken directly to the sterile surgical site; material does not need to be transferred to another container. Mineralized cortical/cancellous bone allograftExcellent osteoconductive scaffold used in a variety of surgical procedures, including: extraction socket grafting, implant placement, osseous ridge repair, and sinus augmentations. Outstanding inner porosity and surface area, promotes clot formation and consistent, stable ossification and space maintenance. Double-sterile packaged jars; material does not need to be transferred to another container. Demineralized cancellous bone allograft sponge stripsPliable and resilient sponge matrix that can be adapted to numerous clinical needs including horizontal or vertical ridge augmentation, extraction sockets, recession defects, and can be used in conjunction with the placement of dental implants. Quickly becomes well vascularized following placement, and acts as an osteoconductive and osteoinductive scaffold for bone formation.",{},"https://www.safcodental.com/media/catalog/product/p/f/pfwrd.jpg?width=265&height=265&canvas=265,265&optimize=medium&fit=bounds",,structured,2026-08-19T03:51:09.324768+00:00,bcda1cb63d70e0c9
3c185150fb4948c0bf7f6c69ae288006,6130029,Mineralized cortical bone .25-1.0mm 2.0cc jar,Surgical Esthetics,6130029,sutures-surgical-products,https://www.safcodental.com/product/ossif-i-sem-trade,https://www.safcodental.com/product/ossif-i-sem-trade,137.49,USD,visible,,In stock,"Mineralized cancellous bone allograft Ideal for filling periodontal defects, extraction sockets, apicoectomy and root-resection. Can be used in conjunction with placement of dental implants. Double-sterile packaged jars can be taken directly to the sterile surgical site; material does not need to be transferred to another container. Mineralized cortical/cancellous bone allograftExcellent osteoconductive scaffold used in a variety of surgical procedures, including: extraction socket grafting, implant placement, osseous ridge repair, and sinus augmentations. Outstanding inner porosity and surface area, promotes clot formation and consistent, stable ossification and space maintenance. Double-sterile packaged jars; material does not need to be transferred to another container. Demineralized cancellous bone allograft sponge stripsPliable and resilient sponge matrix that can be adapted to numerous clinical needs including horizontal or vertical ridge augmentation, extraction sockets, recession defects, and can be used in conjunction with the placement of dental implants. Quickly becomes well vascularized following placement, and acts as an osteoconductive and osteoinductive scaffold for bone formation.",{},"https://www.safcodental.com/media/catalog/product/p/f/pfwrd.jpg?width=265&height=265&canvas=265,265&optimize=medium&fit=bounds",,structured,2026-08-19T03:51:09.334717+00:00,08e0acb182b6217c
2f18e9b161e748009cfcda5f1c415419,6130031,Demineralized bone allograft sponges 10 x 6 x 7mm,Surgical Esthetics,6130031,sutures-surgical-products,https://www.safcodental.com/product/ossif-i-sem-trade,https://www.safcodental.com/product/ossif-i-sem-trade,139.49,USD,visible,,In stock,"Mineralized cancellous bone allograft Ideal for filling periodontal defects, extraction sockets, apicoectomy and root-resection. Can be used in conjunction with placement of dental implants. Double-sterile packaged jars can be taken directly to the sterile surgical site; material does not need to be transferred to another container. Mineralized cortical/cancellous bone allograftExcellent osteoconductive scaffold used in a variety of surgical procedures, including: extraction socket grafting, implant placement, osseous ridge repair, and sinus augmentations. Outstanding inner porosity and surface area, promotes clot formation and consistent, stable ossification and space maintenance. Double-sterile packaged jars; material does not need to be transferred to another container. Demineralized cancellous bone allograft sponge stripsPliable and resilient sponge matrix that can be adapted to numerous clinical needs including horizontal or vertical ridge augmentation, extraction sockets, recession defects, and can be used in conjunction with the placement of dental implants. Quickly becomes well vascularized following placement, and acts as an osteoconductive and osteoinductive scaffold for bone formation.",{},"https://www.safcodental.com/media/catalog/product/p/f/pfwrd.jpg?width=265&height=265&canvas=265,265&optimize=medium&fit=bounds",,structured,2026-08-19T03:51:09.341422+00:00,ffad094a569aa9d5
2e6ba6a8796a434291d445b90baf2d19,6130033,Demineralized bone allograft sponges 20 x 6 x 7mm,Surgical Esthetics,6130033,sutures-surgical-products,https://www.safcodental.com/product/ossif-i-sem-trade,https://www.safcodental.com/product/ossif-i-sem-trade,279.49,USD,visible,,In stock,"Mineralized cancellous bone allograft Ideal for filling periodontal defects, extraction sockets, apicoectomy and root-resection. Can be used in conjunction with placement of dental implants. Double-sterile packaged jars can be taken directly to the sterile surgical site; material does not need to be transferred to another container. Mineralized cortical/cancellous bone allograftExcellent osteoconductive scaffold used in a variety of surgical procedures, including: extraction socket grafting, implant placement, osseous ridge repair, and sinus augmentations. Outstanding inner porosity and surface area, promotes clot formation and consistent, stable ossification and space maintenance. Double-sterile packaged jars; material does not need to be transferred to another container. Demineralized cancellous bone allograft sponge stripsPliable and resilient sponge matrix that can be adapted to numerous clinical needs including horizontal or vertical ridge augmentation, extraction sockets, recession defects, and can be used in conjunction with the placement of dental implants. Quickly becomes well vascularized following placement, and acts as an osteoconductive and osteoinductive scaffold for bone formation.",{},"https://www.safcodental.com/media/catalog/product/p/f/pfwrd.jpg?width=265&height=265&canvas=265,265&optimize=medium&fit=bounds",,structured,2026-08-19T03:51:09.352937+00:00,40e330ecdf96db26
2158f2d50c8e483f84e65483d40a7659,3274301,"HeliPlug 1cm x 2cm (3/8"" x 3/4""), 10/box",Integra Miltex,3274301,sutures-surgical-products,https://www.safcodental.com/product/heliplug-reg,https://www.safcodental.com/product/heliplug-reg,145.49,USD,visible,10/box,In stock,Hemostatic absorbable collagen material derived from bovine tendon. Promotes tissue growth by providing a scaffold-like structure. Its cylindrical shape is ideal for extraction and biopsy sites. Indicated for application to moist or bleeding oral wounds created during dental surgery to control bleeding and protect the surface of the wound from further injury. Absorbs within 10 to 14 days.,{},"https://www.safcodental.com/media/catalog/product/p/f/pfwqw.jpg?width=265&height=265&canvas=265,265&optimize=medium&fit=bounds",,structured,2026-08-19T03:51:11.223057+00:00,f281db9a53d240f3
b93d9956475942cb8799f4688be354b8,3274202,HeliMend 15mm x 20mm 1/box,Integra Miltex,3274202,sutures-surgical-products,https://www.safcodental.com/product/helimend-trade-and-helimend-trade-advanced,https://www.safcodental.com/product/helimend-trade-and-helimend-trade-advanced,102.59,USD,visible,1/box,In stock,"Please note: These products are on backorder with indefinite delivery. Safco will not be accepting orders for these products until inventory is received. Absorbable collagen membranes made from purified bovine tendon. Provides wound stabilization and creates space during guided tissue regeneration where a longer absorption rate is desired. Material is pliable and does not become slippery when hydrated. Indicated for guided tissue regeneration procedures in periodontal defects to enhance regeneration of the periodontal apparatus. Sterile, individually packed (1 per box). HeliMend – Absorbs in 4 to 8 weeks. HeliMend Advanced – Absorbs in 18 weeks.",{},"https://www.safcodental.com/media/catalog/product/p/f/pfwqp.jpg?width=265&height=265&canvas=265,265&optimize=medium&fit=bounds",,structured,2026-08-19T03:51:13.252089+00:00,6720e737b380c06a
9fda9236dd5a4521bd8e57e4b6f7a00e,3274204,HeliMend 20mm x 30mm 1/box,Integra Miltex,3274204,sutures-surgical-products,https://www.safcodental.com/product/helimend-trade-and-helimend-trade-advanced,https://www.safcodental.com/product/helimend-trade-and-helimend-trade-advanced,127.29,USD,visible,1/box,In stock,"Please note: These products are on backorder with indefinite delivery. Safco will not be accepting orders for these products until inventory is received. Absorbable collagen membranes made from purified bovine tendon. Provides wound stabilization and creates space during guided tissue regeneration where a longer absorption rate is desired. Material is pliable and does not become slippery when hydrated. Indicated for guided tissue regeneration procedures in periodontal defects to enhance regeneration of the periodontal apparatus. Sterile, individually packed (1 per box). HeliMend – Absorbs in 4 to 8 weeks. HeliMend Advanced – Absorbs in 18 weeks.",{},"https://www.safcodental.com/media/catalog/product/p/f/pfwqp.jpg?width=265&height=265&canvas=265,265&optimize=medium&fit=bounds",,structured,2026-08-19T03:51:13.257825+00:00,6f0c41143bad3d68
544fba4c44de42ec8181654489a26102,3274206,HeliMend 30mm x 40mm 1/box,Integra Miltex,3274206,sutures-surgical-products,https://www.safcodental.com/product/helimend-trade-and-helimend-trade-advanced,https://www.safcodental.com/product/helimend-trade-and-helimend-trade-advanced,210.99,USD,visible,1/box,In stock,"Please note: These products are on backorder with indefinite delivery. Safco will not be accepting orders for these products until inventory is received. Absorbable collagen membranes made from purified bovine tendon. Provides wound stabilization and creates space during guided tissue regeneration where a longer absorption rate is desired. Material is pliable and does not become slippery when hydrated. Indicated for guided tissue regeneration procedures in periodontal defects to enhance regeneration of the periodontal apparatus. Sterile, individually packed (1 per box). HeliMend – Absorbs in 4 to 8 weeks. HeliMend Advanced – Absorbs in 18 weeks.",{},"https://www.safcodental.com/media/catalog/product/p/f/pfwqp.jpg?width=265&height=265&canvas=265,265&optimize=medium&fit=bounds",,structured,2026-08-19T03:51:13.264123+00:00,bf4c76b3aca0f1b0
4c71966fb4c746a0bf90a1edd9dc7b8f,3274208,HeliMend Advanced 15mm x 20mm 1/box,Integra Miltex,3274208,sutures-surgical-products,https://www.safcodental.com/product/helimend-trade-and-helimend-trade-advanced,https://www.safcodental.com/product/helimend-trade-and-helimend-trade-advanced,113.79,USD,visible,1/box,In stock,"Please note: These products are on backorder with indefinite delivery. Safco will not be accepting orders for these products until inventory is received. Absorbable collagen membranes made from purified bovine tendon. Provides wound stabilization and creates space during guided tissue regeneration where a longer absorption rate is desired. Material is pliable and does not become slippery when hydrated. Indicated for guided tissue regeneration procedures in periodontal defects to enhance regeneration of the periodontal apparatus. Sterile, individually packed (1 per box). HeliMend – Absorbs in 4 to 8 weeks. HeliMend Advanced – Absorbs in 18 weeks.",{},"https://www.safcodental.com/media/catalog/product/p/f/pfwqp.jpg?width=265&height=265&canvas=265,265&optimize=medium&fit=bounds",,structured,2026-08-19T03:51:13.272585+00:00,78a880a1db9c8ef3
d29fc3e19f7c42448e36c5db05b09969,3274210,HeliMend Advanced 20mm x 30mm 1/box,Integra Miltex,3274210,sutures-surgical-products,https://www.safcodental.com/product/helimend-trade-and-helimend-trade-advanced,https://www.safcodental.com/product/helimend-trade-and-helimend-trade-advanced,137.79,USD,visible,1/box,In stock,"Please note: These products are on backorder with indefinite delivery. Safco will not be accepting orders for these products until inventory is received. Absorbable collagen membranes made from purified bovine tendon. Provides wound stabilization and creates space during guided tissue regeneration where a longer absorption rate is desired. Material is pliable and does not become slippery when hydrated. Indicated for guided tissue regeneration procedures in periodontal defects to enhance regeneration of the periodontal apparatus. Sterile, individually packed (1 per box). HeliMend – Absorbs in 4 to 8 weeks. HeliMend Advanced – Absorbs in 18 weeks.",{},"https://www.safcodental.com/media/catalog/product/p/f/pfwqp.jpg?width=265&height=265&canvas=265,265&optimize=medium&fit=bounds",,structured,2026-08-19T03:51:13.279026+00:00,c2524228f36aa0b6
5f3a6d6aaa1f488d8de7df83c0598dad,3274212,HeliMend Advanced 30mm x 40mm 1/box,Integra Miltex,3274212,sutures-surgical-products,https://www.safcodental.com/product/helimend-trade-and-helimend-trade-advanced,https://www.safcodental.com/product/helimend-trade-and-helimend-trade-advanced,201.79,USD,visible,1/box,In stock,"Please note: These products are on backorder with indefinite delivery. Safco will not be accepting orders for these products until inventory is received. Absorbable collagen membranes made from purified bovine tendon. Provides wound stabilization and creates space during guided tissue regeneration where a longer absorption rate is desired. Material is pliable and does not become slippery when hydrated. Indicated for guided tissue regeneration procedures in periodontal defects to enhance regeneration of the periodontal apparatus. Sterile, individually packed (1 per box). HeliMend – Absorbs in 4 to 8 weeks. HeliMend Advanced – Absorbs in 18 weeks.",{},"https://www.safcodental.com/media/catalog/product/p/f/pfwqp.jpg?width=265&height=265&canvas=265,265&optimize=medium&fit=bounds",,structured,2026-08-19T03:51:13.288055+00:00,5151d0cbaa1e1f31
0acb80509e1f48868069818eaf241fa0,5106382,"ColdStar instant cold pack disposable 5&quot; x 7&quot;, 48/case",Coldstar,5106382,sutures-surgical-products,https://www.safcodental.com/product/coldstar-disposable-instant-non-insulated-cold-pack,https://www.safcodental.com/product/coldstar-disposable-instant-non-insulated-cold-pack,32.5,USD,visible,48/case,In stock,"Use in first aid treatment of: Bumps and Bruises, Sprains, Fractures, Minor Burns, Snake Bites, Insect Bites, Minor Bleeding, Nosebleeds, Headaches, Toothaches, Fever, Backaches, Sunstroke, Dislocations, Fatigue, Itching, Cramping, etc. Squeeze, Shake, Apply Instantly Cold FDA Approved Superior Quality Reaches therapeutic controlled temp every time Safe Time saving Provides maximum efficiency Non smear print Made in the USA",{},"https://www.safcodental.com/media/catalog/product/p/f/pfvjj.jpg?width=265&height=265&canvas=265,265&optimize=medium&fit=bounds",,structured,2026-08-19T03:51:15.269664+00:00,68f3136689539033
7b53769f352d45d1b56664e5646a2586,5106383,"ColdStar instant cold pack disposable 5&quot; x 5.5&quot;, 80/case",Coldstar,5106383,sutures-surgical-products,https://www.safcodental.com/product/coldstar-disposable-instant-non-insulated-cold-pack,https://www.safcodental.com/product/coldstar-disposable-instant-non-insulated-cold-pack,46.5,USD,visible,80/case,In stock,"Use in first aid treatment of: Bumps and Bruises, Sprains, Fractures, Minor Burns, Snake Bites, Insect Bites, Minor Bleeding, Nosebleeds, Headaches, Toothaches, Fever, Backaches, Sunstroke, Dislocations, Fatigue, Itching, Cramping, etc. Squeeze, Shake, Apply Instantly Cold FDA Approved Superior Quality Reaches therapeutic controlled temp every time Safe Time saving Provides maximum efficiency Non smear print Made in the USA",{},"https://www.safcodental.com/media/catalog/product/p/f/pfvjj.jpg?width=265&height=265&canvas=265,265&optimize=medium&fit=bounds",,structured,2026-08-19T03:51:15.276509+00:00,d1269046eee8b681
f15bc2c5ed4844f5bd97bc897332c0a4,5106384,"ColdStar instant cold pack disposable 5&quot; x 5.5&quot;(individual box),50/ca",Coldstar,5106384,sutures-surgical-products,https://www.safcodental.com/product/coldstar-disposable-instant-non-insulated-cold-pack,https://www.safcodental.com/product/coldstar-disposable-instant-non-insulated-cold-pack,50.99,USD,visible,,In stock,"Use in first aid treatment of: Bumps and Bruises, Sprains, Fractures, Minor Burns, Snake Bites, Insect Bites, Minor Bleeding, Nosebleeds, Headaches, Toothaches, Fever, Backaches, Sunstroke, Dislocations, Fatigue, Itching, Cramping, etc. Squeeze, Shake, Apply Instantly Cold FDA Approved Superior Quality Reaches therapeutic controlled temp every time Safe Time saving Provides maximum efficiency Non smear print Made in the USA",{},"https://www.safcodental.com/media/catalog/product/p/f/pfvjj.jpg?width=265&height=265&canvas=265,265&optimize=medium&fit=bounds",,structured,2026-08-19T03:51:15.282296+00:00,f823302b230957f7
a3e2b7a63adb4a2c8421718288209495,5106385,"ColdStar Cool-It gel pack reusable 2.5&quot; x 5&quot;, 150/case",Coldstar,5106385,sutures-surgical-products,https://www.safcodental.com/product/coldstar-disposable-instant-non-insulated-cold-pack,https://www.safcodental.com/product/coldstar-disposable-instant-non-insulated-cold-pack,73.99,USD,visible,150/case,In stock,"Use in first aid treatment of: Bumps and Bruises, Sprains, Fractures, Minor Burns, Snake Bites, Insect Bites, Minor Bleeding, Nosebleeds, Headaches, Toothaches, Fever, Backaches, Sunstroke, Dislocations, Fatigue, Itching, Cramping, etc. Squeeze, Shake, Apply Instantly Cold FDA Approved Superior Quality Reaches therapeutic controlled temp every time Safe Time saving Provides maximum efficiency Non smear print Made in the USA",{},"https://www.safcodental.com/media/catalog/product/p/f/pfvjj.jpg?width=265&height=265&canvas=265,265&optimize=medium&fit=bounds",,structured,2026-08-19T03:51:15.288381+00:00,d81f07fba377ea4e
6146208c5edc4b00abad580eda465564,5106386,"ColdStar instant cold pack reusable 5&quot; x 7&quot;, 24/case",Coldstar,5106386,sutures-surgical-products,https://www.safcodental.com/product/coldstar-disposable-instant-non-insulated-cold-pack,https://www.safcodental.com/product/coldstar-disposable-instant-non-insulated-cold-pack,20.99,USD,visible,24/case,In stock,"Use in first aid treatment of: Bumps and Bruises, Sprains, Fractures, Minor Burns, Snake Bites, Insect Bites, Minor Bleeding, Nosebleeds, Headaches, Toothaches, Fever, Backaches, Sunstroke, Dislocations, Fatigue, Itching, Cramping, etc. Squeeze, Shake, Apply Instantly Cold FDA Approved Superior Quality Reaches therapeutic controlled temp every time Safe Time saving Provides maximum efficiency Non smear print Made in the USA",{},"https://www.safcodental.com/media/catalog/product/p/f/pfvjj.jpg?width=265&height=265&canvas=265,265&optimize=medium&fit=bounds",,structured,2026-08-19T03:51:15.294007+00:00,0dcad2c1d586edba
a867fed7450d4e58999a5f75631d6475,3020210,"Instant Cold Pack small 4"" x 10"" 24/case",Halyard,3020210,sutures-surgical-products,https://www.safcodental.com/product/instant-cold-pack,https://www.safcodental.com/product/instant-cold-pack,22.99,USD,visible,24/case,In stock,Flexible single use cold pack provides 20 minutes of therapy. Squeeze to activate; no need for refrigeration. Plastic outer wrap.,{},"https://www.safcodental.com/media/catalog/product/p/f/pfvgg.jpg?width=265&height=265&canvas=265,265&optimize=medium&fit=bounds",,structured,2026-08-19T03:51:17.263158+00:00,675e0b42ce716a0a
1f7d100ca824438baef849b9d57fbc91,3020225,"Instant Cold Pack large 6.25"" x 8.5"" 24/case",Halyard,3020225,sutures-surgical-products,https://www.safcodental.com/product/instant-cold-pack,https://www.safcodental.com/product/instant-cold-pack,22.99,USD,visible,24/case,In stock,Flexible single use cold pack provides 20 minutes of therapy. Squeeze to activate; no need for refrigeration. Plastic outer wrap.,{},"https://www.safcodental.com/media/catalog/product/p/f/pfvgg.jpg?width=265&height=265&canvas=265,265&optimize=medium&fit=bounds",,structured,2026-08-19T03:51:17.269978+00:00,66584d2cd4f9d0aa
9aacc31f03b8489da07770e49ab265ff,5102502,"Sterile water for injection USP 250ml bag, case of 24",B Braun,5102502,sutures-surgical-products,https://www.safcodental.com/product/sterile-water-for-injection-b-braun,https://www.safcodental.com/product/sterile-water-for-injection-b-braun,187.99,USD,visible,,In stock,"Due to supply chain disruptions, we are unable to accept backorders until the item is back in stock. Clear, colorless, odorless liquid. Sterile, hypotonic, nonpyrogenic, and contains no bacteriostatic or antimicrobial agents. EXCEL® IV bags feature a sturdy port system and are not manufactured with latex, PVC or DEHP. Click here to see full prescribing information",{},"https://www.safcodental.com/media/catalog/product/p/f/pfxkq.jpg?width=265&height=265&canvas=265,265&optimize=medium&fit=bounds",,structured,2026-08-19T03:51:19.250361+00:00,2f6e3aa92ce34161
f0695f2c39bd4c1faa85c457d9dbcc96,5102504,"Sterile water for injection USP 500ml bag, case of 24",B Braun,5102504,sutures-surgical-products,https://www.safcodental.com/product/sterile-water-for-injection-b-braun,https://www.safcodental.com/product/sterile-water-for-injection-b-braun,166.99,USD,visible,,In stock,"Due to supply chain disruptions, we are unable to accept backorders until the item is back in stock. Clear, colorless, odorless liquid. Sterile, hypotonic, nonpyrogenic, and contains no bacteriostatic or antimicrobial agents. EXCEL® IV bags feature a sturdy port system and are not manufactured with latex, PVC or DEHP. Click here to see full prescribing information",{},"https://www.safcodental.com/media/catalog/product/p/f/pfxkq.jpg?width=265&height=265&canvas=265,265&optimize=medium&fit=bounds",,structured,2026-08-19T03:51:19.257460+00:00,6595d06148df6da8
233c77efa458492085803df113d8fd60,5102506,"Sterile water for injection USP 1,000ml bag, case of 12",B Braun,5102506,sutures-surgical-products,https://www.safcodental.com/product/sterile-water-for-injection-b-braun,https://www.safcodental.com/product/sterile-water-for-injection-b-braun,108.49,USD,visible,,In stock,"Due to supply chain disruptions, we are unable to accept backorders until the item is back in stock. Clear, colorless, odorless liquid. Sterile, hypotonic, nonpyrogenic, and contains no bacteriostatic or antimicrobial agents. EXCEL® IV bags feature a sturdy port system and are not manufactured with latex, PVC or DEHP. Click here to see full prescribing information",{},"https://www.safcodental.com/media/catalog/product/p/f/pfxkq.jpg?width=265&height=265&canvas=265,265&optimize=medium&fit=bounds",,structured,2026-08-19T03:51:19.263589+00:00,c01134c40e380648
5ad5706e847f4e5b828f9269a7c1948d,5102508,"Sterile water for injection USP 3 liter (3,000l) bag, case of 4",B Braun,5102508,sutures-surgical-products,https://www.safcodental.com/product/sterile-water-for-injection-b-braun,https://www.safcodental.com/product/sterile-water-for-injection-b-braun,80.99,USD,visible,,In stock,"Due to supply chain disruptions, we are unable to accept backorders until the item is back in stock. Clear, colorless, odorless liquid. Sterile, hypotonic, nonpyrogenic, and contains no bacteriostatic or antimicrobial agents. EXCEL® IV bags feature a sturdy port system and are not manufactured with latex, PVC or DEHP. Click here to see full prescribing information",{},"https://www.safcodental.com/media/catalog/product/p/f/pfxkq.jpg?width=265&height=265&canvas=265,265&optimize=medium&fit=bounds",,structured,2026-08-19T03:51:19.269269+00:00,a71d272cc97bd46b
bbd12a56b3bf424aa428efd7615cc04d,5102410,"Sodium Chloride 0.9% injection USP 100ml, sleeve of 16",Baxter Healthcare,5102410,sutures-surgical-products,https://www.safcodental.com/product/sodium-chloride-0-9-for-injection-baxter,https://www.safcodental.com/product/sodium-chloride-0-9-for-injection-baxter,73.99,USD,visible,,In stock,"Due to supply chain disruptions, we are unable to accept backorders until the item is back in stock. 0.9% sodium chloride injection. Viaflex IV injection plastic container. USP sterile disposable port closure. Not made with natural rubber latex.",{},"https://www.safcodental.com/media/catalog/product/p/f/pfxhk.jpg?width=265&height=265&canvas=265,265&optimize=medium&fit=bounds",,structured,2026-08-19T03:51:21.271293+00:00,45bbfdb521a6da19
1c2bef7ba1954e78aabc4dbc4e4326fd,5102412,"Sodium Chloride 0.9% injection USP 250ml, case of 36",Baxter Healthcare,5102412,sutures-surgical-products,https://www.safcodental.com/product/sodium-chloride-0-9-for-injection-baxter,https://www.safcodental.com/product/sodium-chloride-0-9-for-injection-baxter,267.99,USD,visible,,In stock,"Due to supply chain disruptions, we are unable to accept backorders until the item is back in stock. 0.9% sodium chloride injection. Viaflex IV injection plastic container. USP sterile disposable port closure. Not made with natural rubber latex.",{},"https://www.safcodental.com/media/catalog/product/p/f/pfxhk.jpg?width=265&height=265&canvas=265,265&optimize=medium&fit=bounds",,structured,2026-08-19T03:51:21.281204+00:00,383a8c0fed824552
f7cfd4fd9609469b90a565ff1a815621,5102414,"Sodium Chloride 0.9% injection USP 500ml, case of 24",Baxter Healthcare,5102414,sutures-surgical-products,https://www.safcodental.com/product/sodium-chloride-0-9-for-injection-baxter,https://www.safcodental.com/product/sodium-chloride-0-9-for-injection-baxter,184.29,USD,visible,,In stock,"Due to supply chain disruptions, we are unable to accept backorders until the item is back in stock. 0.9% sodium chloride injection. Viaflex IV injection plastic container. USP sterile disposable port closure. Not made with natural rubber latex.",{},"https://www.safcodental.com/media/catalog/product/p/f/pfxhk.jpg?width=265&height=265&canvas=265,265&optimize=medium&fit=bounds",,structured,2026-08-19T03:51:21.291511+00:00,59330e32275784c1
db1db94064b94dd5a8d295e368e9a5fd,5102416,"Sodium Chloride 0.9% injection USP 1,000ml, case of 14",Baxter Healthcare,5102416,sutures-surgical-products,https://www.safcodental.com/product/sodium-chloride-0-9-for-injection-baxter,https://www.safcodental.com/product/sodium-chloride-0-9-for-injection-baxter,125.59,USD,visible,,In stock,"Due to supply chain disruptions, we are unable to accept backorders until the item is back in stock. 0.9% sodium chloride injection. Viaflex IV injection plastic container. USP sterile disposable port closure. Not made with natural rubber latex.",{},"https://www.safcodental.com/media/catalog/product/p/f/pfxhk.jpg?width=265&height=265&canvas=265,265&optimize=medium&fit=bounds",,structured,2026-08-19T03:51:21.300300+00:00,66f5f332e71cbce6
707b0a803c2f44399b0c0b5b5dff5ff6,5102401,"Sodium Chloride 0.9% injection USP 250ml EXCEL bag, case of 24",B Braun,5102401,sutures-surgical-products,https://www.safcodental.com/product/sodium-chloride-0-9-for-injection-b-braun,https://www.safcodental.com/product/sodium-chloride-0-9-for-injection-b-braun,132.79,USD,visible,,In stock,"Due to supply chain disruptions, we are unable to accept backorders until the item is back in stock. Indicated for extracellular fluid replacement, treatment of metabolic alkalosis in the presence of fluid loss and mild sodium depletion. Note: 250ml bags and 500ml bags come in EXCEL® IV bags, which feature a sturdy port system.  1,000ml bags come in both E3 bags, which have rounded shoulders, no overwrap, a seamless design, and the EXCEL® IV bags, which feature a sturdy port system. Both the EXCEL® and E3 bags are not manufactured with latex, PVC or DEHP.  Click here to see full prescribing information",{},"https://www.safcodental.com/media/catalog/product/p/f/pfxhj.jpg?width=265&height=265&canvas=265,265&optimize=medium&fit=bounds",,structured,2026-08-19T03:51:23.266266+00:00,37ec3cad9259d81d
642829615b7e48298a7f198b73281dbf,5102403,"Sodium Chloride 0.9% injection USP 500ml EXCEL bag, case of 24",B Braun,5102403,sutures-surgical-products,https://www.safcodental.com/product/sodium-chloride-0-9-for-injection-b-braun,https://www.safcodental.com/product/sodium-chloride-0-9-for-injection-b-braun,142.99,USD,visible,,In stock,"Due to supply chain disruptions, we are unable to accept backorders until the item is back in stock. Indicated for extracellular fluid replacement, treatment of metabolic alkalosis in the presence of fluid loss and mild sodium depletion. Note: 250ml bags and 500ml bags come in EXCEL® IV bags, which feature a sturdy port system.  1,000ml bags come in both E3 bags, which have rounded shoulders, no overwrap, a seamless design, and the EXCEL® IV bags, which feature a sturdy port system. Both the EXCEL® and E3 bags are not manufactured with latex, PVC or DEHP.  Click here to see full prescribing information",{},"https://www.safcodental.com/media/catalog/product/p/f/pfxhj.jpg?width=265&height=265&canvas=265,265&optimize=medium&fit=bounds",,structured,2026-08-19T03:51:23.272527+00:00,620a1e9f1c0e6cef
34f389911a18490a96c664bc5656316e,5102405,"Sodium Chloride 0.9% injection USP 1,000ml EXCEL bag, case of 12",B Braun,5102405,sutures-surgical-products,https://www.safcodental.com/product/sodium-chloride-0-9-for-injection-b-braun,https://www.safcodental.com/product/sodium-chloride-0-9-for-injection-b-braun,63.29,USD,visible,,In stock,"Due to supply chain disruptions, we are unable to accept backorders until the item is back in stock. Indicated for extracellular fluid replacement, treatment of metabolic alkalosis in the presence of fluid loss and mild sodium depletion. Note: 250ml bags and 500ml bags come in EXCEL® IV bags, which feature a sturdy port system.  1,000ml bags come in both E3 bags, which have rounded shoulders, no overwrap, a seamless design, and the EXCEL® IV bags, which feature a sturdy port system. Both the EXCEL® and E3 bags are not manufactured with latex, PVC or DEHP.  Click here to see full prescribing information",{},"https://www.safcodental.com/media/catalog/product/p/f/pfxhj.jpg?width=265&height=265&canvas=265,265&optimize=medium&fit=bounds",,structured,2026-08-19T03:51:23.279186+00:00,7773fff238f959cd
7a8509f972c6438196fed48bbdaefab2,5102302,"Lactated Ringer's Injection USP 500ml bag, case of 24",B Braun,5102302,sutures-surgical-products,https://www.safcodental.com/product/lactated-ringer-s,https://www.safcodental.com/product/lactated-ringer-s,170.49,USD,visible,,In stock,"Due to supply chain disruptions, we are unable to accept backorders until the item is back in stock. Sterile, nonpyrogenic and contains no bacteriostatic or antimicrobial agents. Indicated for use in adults and pediatric patients as a source of electrolytes and water for hydration. EXCEL® IV bags feature a sturdy port system and are not manufactured with latex, PVC or DEHP. Click here to see full prescribing information",{},"https://www.safcodental.com/media/catalog/product/p/f/pfxer.jpg?width=265&height=265&canvas=265,265&optimize=medium&fit=bounds",,structured,2026-08-19T03:51:25.301962+00:00,aa2185955d858533
dc8dd089a9cb4571bd2e0314469b4203,5102305,"Lactated Ringer's Injection USP 1,000ml bag, case of 12",B Braun,5102305,sutures-surgical-products,https://www.safcodental.com/product/lactated-ringer-s,https://www.safcodental.com/product/lactated-ringer-s,70.49,USD,visible,,In stock,"Due to supply chain disruptions, we are unable to accept backorders until the item is back in stock. Sterile, nonpyrogenic and contains no bacteriostatic or antimicrobial agents. Indicated for use in adults and pediatric patients as a source of electrolytes and water for hydration. EXCEL® IV bags feature a sturdy port system and are not manufactured with latex, PVC or DEHP. Click here to see full prescribing information",{},"https://www.safcodental.com/media/catalog/product/p/f/pfxer.jpg?width=265&height=265&canvas=265,265&optimize=medium&fit=bounds",,structured,2026-08-19T03:51:25.308597+00:00,8026507d316bbf11
447ca8718a4a41d2957186fa322584e8,3150130,Ocean Pacific NeoNatural chloroprene gloves x-small 100/box,Medicom,3150130,gloves,https://www.safcodental.com/product/ocean-pacific-sup-reg-sup-neonatural-sup-trade-sup,https://www.safcodental.com/product/ocean-pacific-sup-reg-sup-neonatural-sup-trade-sup,23.49,USD,visible,100/box,In stock,Powder-free chloroprene examination gloves. Polychlorprene exam gloves combine the softness of latex with the strength of nitrile for reliable protection without sacrificing comfort or dexterity. Textured fingertip finish Beaded cuff Ambidextrous Emerald green color Thickness: at palm 3.1 mils; at fingertip 4 mils 100 gloves per box Order 10 boxes to purchase a case,{},"https://www.safcodental.com/media/catalog/product/d/r/drdas.jpg?width=265&height=265&canvas=265,265&optimize=medium&fit=bounds",,structured,2026-08-19T03:51:27.271992+00:00,45abf88e192eb558
b04e7f36da0141a8a84886a35a753809,4680067,Dash True Comfort Blu x-small 100/box,Dash,4680067,gloves,https://www.safcodental.com/product/true-comfort-reg-blu,https://www.safcodental.com/product/true-comfort-reg-blu,18.99,USD,visible,100/box,In stock,"Powder-free, latex-free, chloroprene examination gloves. Unrivaled wet grip, increased touch sensitivity, and silky smooth comfort. Chemotherapty drug rated. Textured fingertip finish Beaded cuff Ambidextrous Ocean blue color Thickness: at palm 2.4 mils; at fingertip 3.1 mils To purchase a full case, please order as qty of 10 boxes",{},"https://www.safcodental.com/media/catalog/product/d/r/drdaq.jpg?width=265&height=265&canvas=265,265&optimize=medium&fit=bounds",,structured,2026-08-19T03:51:29.647802+00:00,8857744495995391
7c39f0590b7a4a0f9c0f2067ed4556ed,4680069,Dash True Comfort Blu small 100/box,Dash,4680069,gloves,https://www.safcodental.com/product/true-comfort-reg-blu,https://www.safcodental.com/product/true-comfort-reg-blu,18.99,USD,visible,100/box,In stock,"Powder-free, latex-free, chloroprene examination gloves. Unrivaled wet grip, increased touch sensitivity, and silky smooth comfort. Chemotherapty drug rated. Textured fingertip finish Beaded cuff Ambidextrous Ocean blue color Thickness: at palm 2.4 mils; at fingertip 3.1 mils To purchase a full case, please order as qty of 10 boxes",{},"https://www.safcodental.com/media/catalog/product/d/r/drdaq.jpg?width=265&height=265&canvas=265,265&optimize=medium&fit=bounds",,structured,2026-08-19T03:51:29.655365+00:00,446a1dfcd1d0b8b1
486fab9239c742d997d0d3a0189a6cb5,4680071,Dash True Comfort Blu medium 100/box,Dash,4680071,gloves,https://www.safcodental.com/product/true-comfort-reg-blu,https://www.safcodental.com/product/true-comfort-reg-blu,18.99,USD,visible,100/box,In stock,"Powder-free, latex-free, chloroprene examination gloves. Unrivaled wet grip, increased touch sensitivity, and silky smooth comfort. Chemotherapty drug rated. Textured fingertip finish Beaded cuff Ambidextrous Ocean blue color Thickness: at palm 2.4 mils; at fingertip 3.1 mils To purchase a full case, please order as qty of 10 boxes",{},"https://www.safcodental.com/media/catalog/product/d/r/drdaq.jpg?width=265&height=265&canvas=265,265&optimize=medium&fit=bounds",,structured,2026-08-19T03:51:29.661112+00:00,ca80f2d7bdac2055
cd3ab27235f2434996400181a11d6629,4680073,Dash True Comfort Blu large 100/box,Dash,4680073,gloves,https://www.safcodental.com/product/true-comfort-reg-blu,https://www.safcodental.com/product/true-comfort-reg-blu,18.99,USD,visible,100/box,In stock,"Powder-free, latex-free, chloroprene examination gloves. Unrivaled wet grip, increased touch sensitivity, and silky smooth comfort. Chemotherapty drug rated. Textured fingertip finish Beaded cuff Ambidextrous Ocean blue color Thickness: at palm 2.4 mils; at fingertip 3.1 mils To purchase a full case, please order as qty of 10 boxes",{},"https://www.safcodental.com/media/catalog/product/d/r/drdaq.jpg?width=265&height=265&canvas=265,265&optimize=medium&fit=bounds",,structured,2026-08-19T03:51:29.667806+00:00,0deaeffca9f25868
eae610d6b14f45b2bc8aea84af5a744d,4680075,Dash True Comfort Blu x-large 100/box,Dash,4680075,gloves,https://www.safcodental.com/product/true-comfort-reg-blu,https://www.safcodental.com/product/true-comfort-reg-blu,18.99,USD,visible,100/box,In stock,"Powder-free, latex-free, chloroprene examination gloves. Unrivaled wet grip, increased touch sensitivity, and silky smooth comfort. Chemotherapty drug rated. Textured fingertip finish Beaded cuff Ambidextrous Ocean blue color Thickness: at palm 2.4 mils; at fingertip 3.1 mils To purchase a full case, please order as qty of 10 boxes",{},"https://www.safcodental.com/media/catalog/product/d/r/drdaq.jpg?width=265&height=265&canvas=265,265&optimize=medium&fit=bounds",,structured,2026-08-19T03:51:29.674651+00:00,b388436f8205b580
daf416e60baf4d7ea25994810ab4d2c6,1028046,Safco EZ Green Chloroprene gloves x-small 200/bx,Safco,1028046,gloves,https://www.safcodental.com/product/safco-ez-green-chloroprene,https://www.safcodental.com/product/safco-ez-green-chloroprene,17.99,USD,visible,200/bx,In stock,Powder-free chloroprene examination gloves. Similar feel and elasticity to that of latex without the risk of allergic reation to latex proteins. Provides supreme tactile sensitivity. Textured fingertip finish Beaded cuff Ambidextreous Green color Thickness: at palm 3.0 mils; at fingertips 3.5 mils 200 gloves per box Order 10 boxes to purchase a case  ,{},"https://www.safcodental.com/media/catalog/product/d/r/drdap.jpg?width=265&height=265&canvas=265,265&optimize=medium&fit=bounds",,structured,2026-08-19T03:51:31.287240+00:00,535248b6c05b1057
e220a4ee765a42e1bc3fa36a77007ad7,1028048,Safco EZ Green Chloroprene gloves small 200/bx,Safco,1028048,gloves,https://www.safcodental.com/product/safco-ez-green-chloroprene,https://www.safcodental.com/product/safco-ez-green-chloroprene,17.99,USD,visible,200/bx,In stock,Powder-free chloroprene examination gloves. Similar feel and elasticity to that of latex without the risk of allergic reation to latex proteins. Provides supreme tactile sensitivity. Textured fingertip finish Beaded cuff Ambidextreous Green color Thickness: at palm 3.0 mils; at fingertips 3.5 mils 200 gloves per box Order 10 boxes to purchase a case  ,{},"https://www.safcodental.com/media/catalog/product/d/r/drdap.jpg?width=265&height=265&canvas=265,265&optimize=medium&fit=bounds",,structured,2026-08-19T03:51:31.297231+00:00,2b55b4bbcecfcd17
b31f3e1be84f48b8af3dfb43d5758831,1028050,Safco EZ Green Chloroprene gloves medium 200/bx,Safco,1028050,gloves,https://www.safcodental.com/product/safco-ez-green-chloroprene,https://www.safcodental.com/product/safco-ez-green-chloroprene,17.99,USD,visible,200/bx,In stock,Powder-free chloroprene examination gloves. Similar feel and elasticity to that of latex without the risk of allergic reation to latex proteins. Provides supreme tactile sensitivity. Textured fingertip finish Beaded cuff Ambidextreous Green color Thickness: at palm 3.0 mils; at fingertips 3.5 mils 200 gloves per box Order 10 boxes to purchase a case  ,{},"https://www.safcodental.com/media/catalog/product/d/r/drdap.jpg?width=265&height=265&canvas=265,265&optimize=medium&fit=bounds",,structured,2026-08-19T03:51:31.306778+00:00,71906244d6aae384
0fb3a6a9db7d4e3aa93dab014558ddbd,1028052,Safco EZ Green Chloroprene gloves large 200/bx,Safco,1028052,gloves,https://www.safcodental.com/product/safco-ez-green-chloroprene,https://www.safcodental.com/product/safco-ez-green-chloroprene,17.99,USD,visible,200/bx,In stock,Powder-free chloroprene examination gloves. Similar feel and elasticity to that of latex without the risk of allergic reation to latex proteins. Provides supreme tactile sensitivity. Textured fingertip finish Beaded cuff Ambidextreous Green color Thickness: at palm 3.0 mils; at fingertips 3.5 mils 200 gloves per box Order 10 boxes to purchase a case  ,{},"https://www.safcodental.com/media/catalog/product/d/r/drdap.jpg?width=265&height=265&canvas=265,265&optimize=medium&fit=bounds",,structured,2026-08-19T03:51:31.314872+00:00,ac00457bfe290370
4c00c49870dd4bafb8a6c1808ab7cab6,3890004,Microflex NeoSoft neoprene gloves x-small 100/box,Ansell,3890004,gloves,https://www.safcodental.com/product/microflex-sup-reg-sup-neosoft-trade,https://www.safcodental.com/product/microflex-sup-reg-sup-neosoft-trade,18.49,USD,visible,100/box,In stock,Powder-free chloroprene examination gloves. Features HYDRASOFT™ technology that provides 2x more moisture retention. Textured fingertip finish Beaded cuff Ambidextrous Chloroprene (neoprene) Green color Polymer coated for easy donning Thickness: at palm 2.8  mils; at fingertip 3.5 mils 100 gloves per box Order 10 boxes to purchase a case,{},"https://www.safcodental.com/media/catalog/product/d/r/drdan.jpg?width=265&height=265&canvas=265,265&optimize=medium&fit=bounds",,structured,2026-08-19T03:51:33.302732+00:00,17258db0d93de9ad
f77b46513f6643b9b2ee9d774f596629,3890007,Microflex NeoSoft neoprene gloves small 100/box,Ansell,3890007,gloves,https://www.safcodental.com/product/microflex-sup-reg-sup-neosoft-trade,https://www.safcodental.com/product/microflex-sup-reg-sup-neosoft-trade,18.49,USD,visible,100/box,In stock,Powder-free chloroprene examination gloves. Features HYDRASOFT™ technology that provides 2x more moisture retention. Textured fingertip finish Beaded cuff Ambidextrous Chloroprene (neoprene) Green color Polymer coated for easy donning Thickness: at palm 2.8  mils; at fingertip 3.5 mils 100 gloves per box Order 10 boxes to purchase a case,{},"https://www.safcodental.com/media/catalog/product/d/r/drdan.jpg?width=265&height=265&canvas=265,265&optimize=medium&fit=bounds",,structured,2026-08-19T03:51:33.309308+00:00,d1178898bac51b82
c4ce1c7c568b46ef8996f85a9476918e,3890010,Microflex NeoSoft neoprene gloves medium 100/box,Ansell,3890010,gloves,https://www.safcodental.com/product/microflex-sup-reg-sup-neosoft-trade,https://www.safcodental.com/product/microflex-sup-reg-sup-neosoft-trade,18.49,USD,visible,100/box,In stock,Powder-free chloroprene examination gloves. Features HYDRASOFT™ technology that provides 2x more moisture retention. Textured fingertip finish Beaded cuff Ambidextrous Chloroprene (neoprene) Green color Polymer coated for easy donning Thickness: at palm 2.8  mils; at fingertip 3.5 mils 100 gloves per box Order 10 boxes to purchase a case,{},"https://www.safcodental.com/media/catalog/product/d/r/drdan.jpg?width=265&height=265&canvas=265,265&optimize=medium&fit=bounds",,structured,2026-08-19T03:51:33.315036+00:00,c0fc4344c8a358fb
2a0ea4a88f0a4154933c7360bdc5ed3e,3890013,Microflex NeoSoft neoprene gloves large 100/box,Ansell,3890013,gloves,https://www.safcodental.com/product/microflex-sup-reg-sup-neosoft-trade,https://www.safcodental.com/product/microflex-sup-reg-sup-neosoft-trade,18.49,USD,visible,100/box,In stock,Powder-free chloroprene examination gloves. Features HYDRASOFT™ technology that provides 2x more moisture retention. Textured fingertip finish Beaded cuff Ambidextrous Chloroprene (neoprene) Green color Polymer coated for easy donning Thickness: at palm 2.8  mils; at fingertip 3.5 mils 100 gloves per box Order 10 boxes to purchase a case,{},"https://www.safcodental.com/media/catalog/product/d/r/drdan.jpg?width=265&height=265&canvas=265,265&optimize=medium&fit=bounds",,structured,2026-08-19T03:51:33.321334+00:00,b63b4f0f6751d84d
8f5acb6d1b114f67b6483ad6ea43942a,3890015,Microflex NeoSoft neoprene gloves x-large 100/box,Ansell,3890015,gloves,https://www.safcodental.com/product/microflex-sup-reg-sup-neosoft-trade,https://www.safcodental.com/product/microflex-sup-reg-sup-neosoft-trade,18.49,USD,visible,100/box,In stock,Powder-free chloroprene examination gloves. Features HYDRASOFT™ technology that provides 2x more moisture retention. Textured fingertip finish Beaded cuff Ambidextrous Chloroprene (neoprene) Green color Polymer coated for easy donning Thickness: at palm 2.8  mils; at fingertip 3.5 mils 100 gloves per box Order 10 boxes to purchase a case,{},"https://www.safcodental.com/media/catalog/product/d/r/drdan.jpg?width=265&height=265&canvas=265,265&optimize=medium&fit=bounds",,structured,2026-08-19T03:51:33.327416+00:00,0db887ee1d992c11
bc14b994c2204d9db0aaf30fe15b1457,4713701,AquaPrene chloroprene gloves x-small 200/box,Cranberry,4713701,gloves,https://www.safcodental.com/product/aquaprene-reg,https://www.safcodental.com/product/aquaprene-reg,33.99,USD,visible,200/box,In stock,Powder-free chloroprene examination gloves. Combines the comfort of latex and the strength of nitrile. Textured fingertip finish Beaded cuff Ambidextrous Aqua blue color Thickness: at palm 2.8 mils; at fingertip3.5 mils; ±0.8 200 gloves per box Order 10 boxes to purchase a case,{},"https://www.safcodental.com/media/catalog/product/d/r/drdal_2.jpg?width=265&height=265&canvas=265,265&optimize=medium&fit=bounds",,structured,2026-08-19T03:51:35.310366+00:00,0f2c20d1a63c3d8e
7465b16478604268b43b34f111b147ea,4713703,AquaPrene chloroprene gloves small 200/box,Cranberry,4713703,gloves,https://www.safcodental.com/product/aquaprene-reg,https://www.safcodental.com/product/aquaprene-reg,33.99,USD,visible,200/box,In stock,Powder-free chloroprene examination gloves. Combines the comfort of latex and the strength of nitrile. Textured fingertip finish Beaded cuff Ambidextrous Aqua blue color Thickness: at palm 2.8 mils; at fingertip3.5 mils; ±0.8 200 gloves per box Order 10 boxes to purchase a case,{},"https://www.safcodental.com/media/catalog/product/d/r/drdal_2.jpg?width=265&height=265&canvas=265,265&optimize=medium&fit=bounds",,structured,2026-08-19T03:51:35.318897+00:00,c20fc0ac162ec806
a421d5122750458da870d555c996d480,4713705,AquaPrene chloroprene gloves medium 200/box,Cranberry,4713705,gloves,https://www.safcodental.com/product/aquaprene-reg,https://www.safcodental.com/product/aquaprene-reg,33.99,USD,visible,200/box,In stock,Powder-free chloroprene examination gloves. Combines the comfort of latex and the strength of nitrile. Textured fingertip finish Beaded cuff Ambidextrous Aqua blue color Thickness: at palm 2.8 mils; at fingertip3.5 mils; ±0.8 200 gloves per box Order 10 boxes to purchase a case,{},"https://www.safcodental.com/media/catalog/product/d/r/drdal_2.jpg?width=265&height=265&canvas=265,265&optimize=medium&fit=bounds",,structured,2026-08-19T03:51:35.325698+00:00,735ea1b0b41dd537
8a0bfe4cde1a4be197d9035f0fe786d3,4713707,AquaPrene chloroprene gloves large 200/box,Cranberry,4713707,gloves,https://www.safcodental.com/product/aquaprene-reg,https://www.safcodental.com/product/aquaprene-reg,33.99,USD,visible,200/box,In stock,Powder-free chloroprene examination gloves. Combines the comfort of latex and the strength of nitrile. Textured fingertip finish Beaded cuff Ambidextrous Aqua blue color Thickness: at palm 2.8 mils; at fingertip3.5 mils; ±0.8 200 gloves per box Order 10 boxes to purchase a case,{},"https://www.safcodental.com/media/catalog/product/d/r/drdal_2.jpg?width=265&height=265&canvas=265,265&optimize=medium&fit=bounds",,structured,2026-08-19T03:51:35.331816+00:00,26cd8644c8086ade
4f5cd1b6f9884af1995693c62b50416f,4713709,AquaPrene chloroprene gloves x-large 200/box,Cranberry,4713709,gloves,https://www.safcodental.com/product/aquaprene-reg,https://www.safcodental.com/product/aquaprene-reg,33.99,USD,visible,200/box,In stock,Powder-free chloroprene examination gloves. Combines the comfort of latex and the strength of nitrile. Textured fingertip finish Beaded cuff Ambidextrous Aqua blue color Thickness: at palm 2.8 mils; at fingertip3.5 mils; ±0.8 200 gloves per box Order 10 boxes to purchase a case,{},"https://www.safcodental.com/media/catalog/product/d/r/drdal_2.jpg?width=265&height=265&canvas=265,265&optimize=medium&fit=bounds",,structured,2026-08-19T03:51:35.338148+00:00,f6704ecee9bc1ff0
409f5fcabf944907813237f143ee0814,3021402,Flexaprene Green gloves x-small 200/box,Halyard,3021402,gloves,https://www.safcodental.com/product/flexaprene-green,https://www.safcodental.com/product/flexaprene-green,39.99,USD,visible,200/box,In stock,Powder-free chloroprene examination gloves. Fingertip textured Beaded cuff Ambidextrous Chloroprene (Neoprene) Green color Polymer coated for easy donning Thickness: at palm 3.0 mils; at fingertip 3.5 mils 200 gloves per box  Order 10 boxes to purchase a case,{},"https://www.safcodental.com/media/catalog/product/d/r/drdai.jpg?width=265&height=265&canvas=265,265&optimize=medium&fit=bounds",,structured,2026-08-19T03:51:37.339624+00:00,3a80ff17620dae15
70cb44a805cb48f1857fed574cb00288,3021404,Flexaprene Green gloves small 200/box,Halyard,3021404,gloves,https://www.safcodental.com/product/flexaprene-green,https://www.safcodental.com/product/flexaprene-green,39.99,USD,visible,200/box,In stock,Powder-free chloroprene examination gloves. Fingertip textured Beaded cuff Ambidextrous Chloroprene (Neoprene) Green color Polymer coated for easy donning Thickness: at palm 3.0 mils; at fingertip 3.5 mils 200 gloves per box  Order 10 boxes to purchase a case,{},"https://www.safcodental.com/media/catalog/product/d/r/drdai.jpg?width=265&height=265&canvas=265,265&optimize=medium&fit=bounds",,structured,2026-08-19T03:51:37.345718+00:00,19db37e2b4067a3f
1f6c3ba76b574b5f90fe319ae581578f,3021406,Flexaprene Green gloves medium 200/box,Halyard,3021406,gloves,https://www.safcodental.com/product/flexaprene-green,https://www.safcodental.com/product/flexaprene-green,39.99,USD,visible,200/box,In stock,Powder-free chloroprene examination gloves. Fingertip textured Beaded cuff Ambidextrous Chloroprene (Neoprene) Green color Polymer coated for easy donning Thickness: at palm 3.0 mils; at fingertip 3.5 mils 200 gloves per box  Order 10 boxes to purchase a case,{},"https://www.safcodental.com/media/catalog/product/d/r/drdai.jpg?width=265&height=265&canvas=265,265&optimize=medium&fit=bounds",,structured,2026-08-19T03:51:37.351609+00:00,1dbdee239a8f5f10
8a9c31e8cdf74e2cb31bf29e61ad1004,3021408,Flexaprene Green gloves large 200/box,Halyard,3021408,gloves,https://www.safcodental.com/product/flexaprene-green,https://www.safcodental.com/product/flexaprene-green,39.99,USD,visible,200/box,In stock,Powder-free chloroprene examination gloves. Fingertip textured Beaded cuff Ambidextrous Chloroprene (Neoprene) Green color Polymer coated for easy donning Thickness: at palm 3.0 mils; at fingertip 3.5 mils 200 gloves per box  Order 10 boxes to purchase a case,{},"https://www.safcodental.com/media/catalog/product/d/r/drdai.jpg?width=265&height=265&canvas=265,265&optimize=medium&fit=bounds",,structured,2026-08-19T03:51:37.357376+00:00,48dad5be41f2b6b9
aae159b17948412381460b1ec67190ba,4713401,BeeSure NeoGrene chloroprene gloves x-small 200/box,EcoBee,4713401,gloves,https://www.safcodental.com/product/beesure-reg-neogrene-trade,https://www.safcodental.com/product/beesure-reg-neogrene-trade,31.79,USD,visible,200/box,In stock,Powder-free chloroprene examination gloves. Textured fingertip finish Beaded cuff Ambidextrous Green color Polymer coated for easy donning Thickness: at palm 3.2 mils; at fingertip 3.4 mils; ±0.2 200 gloves per box Order 10 boxes to purchase a case,{},"https://www.safcodental.com/media/catalog/product/d/r/drdah.jpg?width=265&height=265&canvas=265,265&optimize=medium&fit=bounds",,structured,2026-08-19T03:51:39.327809+00:00,bb4d1f10ddb4ce9e
b717bc3798ca47a493ef398ecab87e3d,4713403,BeeSure NeoGrene chloroprene gloves small 200/box,EcoBee,4713403,gloves,https://www.safcodental.com/product/beesure-reg-neogrene-trade,https://www.safcodental.com/product/beesure-reg-neogrene-trade,31.79,USD,visible,200/box,In stock,Powder-free chloroprene examination gloves. Textured fingertip finish Beaded cuff Ambidextrous Green color Polymer coated for easy donning Thickness: at palm 3.2 mils; at fingertip 3.4 mils; ±0.2 200 gloves per box Order 10 boxes to purchase a case,{},"https://www.safcodental.com/media/catalog/product/d/r/drdah.jpg?width=265&height=265&canvas=265,265&optimize=medium&fit=bounds",,structured,2026-08-19T03:51:39.333801+00:00,08a08063e870d5c4
9523ee86d88f4d07a2a2c9454eed8a97,4713405,BeeSure NeoGrene chloroprene gloves medium 200/box,EcoBee,4713405,gloves,https://www.safcodental.com/product/beesure-reg-neogrene-trade,https://www.safcodental.com/product/beesure-reg-neogrene-trade,31.79,USD,visible,200/box,In stock,Powder-free chloroprene examination gloves. Textured fingertip finish Beaded cuff Ambidextrous Green color Polymer coated for easy donning Thickness: at palm 3.2 mils; at fingertip 3.4 mils; ±0.2 200 gloves per box Order 10 boxes to purchase a case,{},"https://www.safcodental.com/media/catalog/product/d/r/drdah.jpg?width=265&height=265&canvas=265,265&optimize=medium&fit=bounds",,structured,2026-08-19T03:51:39.340320+00:00,1dbeba0abec8b07c
fdb77c6d90fe4331b1758dd9ab911bcd,4713407,BeeSure NeoGrene chloroprene gloves large 200/box,EcoBee,4713407,gloves,https://www.safcodental.com/product/beesure-reg-neogrene-trade,https://www.safcodental.com/product/beesure-reg-neogrene-trade,31.79,USD,visible,200/box,In stock,Powder-free chloroprene examination gloves. Textured fingertip finish Beaded cuff Ambidextrous Green color Polymer coated for easy donning Thickness: at palm 3.2 mils; at fingertip 3.4 mils; ±0.2 200 gloves per box Order 10 boxes to purchase a case,{},"https://www.safcodental.com/media/catalog/product/d/r/drdah.jpg?width=265&height=265&canvas=265,265&optimize=medium&fit=bounds",,structured,2026-08-19T03:51:39.346926+00:00,78dd0fc4fbc2acba
d9f26a97feda4de091ec0f85405eead1,3890902,Micro-Touch Affinity gloves x-small 100/box,Ansell,3890902,gloves,https://www.safcodental.com/product/micro-touch-sup-reg-sup-affinity-sup-reg-sup,https://www.safcodental.com/product/micro-touch-sup-reg-sup-affinity-sup-reg-sup,23.49,USD,visible,100/box,In stock,Powder-free Neoprene (polychloroprene) exam gloves. Textured fingertips finish  Beaded cuff  Ambidextrous Neoprene  Green color Polymer coated for easy donning  Thickness: at palm 5.1 mils; at fingertip 6.3 mils  100 gloves per box Order 10 boxes to purchase a case,{},"https://www.safcodental.com/media/catalog/product/d/r/drdag.jpg?width=265&height=265&canvas=265,265&optimize=medium&fit=bounds",,structured,2026-08-19T03:51:41.327327+00:00,e5dce31280662383
e65db18e658046e092beb2bebf19e629,3890905,Micro-Touch Affinity gloves small 100/box,Ansell,3890905,gloves,https://www.safcodental.com/product/micro-touch-sup-reg-sup-affinity-sup-reg-sup,https://www.safcodental.com/product/micro-touch-sup-reg-sup-affinity-sup-reg-sup,23.49,USD,visible,100/box,In stock,Powder-free Neoprene (polychloroprene) exam gloves. Textured fingertips finish  Beaded cuff  Ambidextrous Neoprene  Green color Polymer coated for easy donning  Thickness: at palm 5.1 mils; at fingertip 6.3 mils  100 gloves per box Order 10 boxes to purchase a case,{},"https://www.safcodental.com/media/catalog/product/d/r/drdag.jpg?width=265&height=265&canvas=265,265&optimize=medium&fit=bounds",,structured,2026-08-19T03:51:41.333198+00:00,fbcff7a3cb4e53c3
ebb480b87e8042b9ac8be4cf5f5f0e24,3890908,Micro-Touch Affinity gloves medium 100/box,Ansell,3890908,gloves,https://www.safcodental.com/product/micro-touch-sup-reg-sup-affinity-sup-reg-sup,https://www.safcodental.com/product/micro-touch-sup-reg-sup-affinity-sup-reg-sup,23.49,USD,visible,100/box,In stock,Powder-free Neoprene (polychloroprene) exam gloves. Textured fingertips finish  Beaded cuff  Ambidextrous Neoprene  Green color Polymer coated for easy donning  Thickness: at palm 5.1 mils; at fingertip 6.3 mils  100 gloves per box Order 10 boxes to purchase a case,{},"https://www.safcodental.com/media/catalog/product/d/r/drdag.jpg?width=265&height=265&canvas=265,265&optimize=medium&fit=bounds",,structured,2026-08-19T03:51:41.339146+00:00,db7be26c1d1952eb
6f13bfa3298742878cab4fd51226cfa3,3890911,Micro-Touch Affinity gloves large 100/box,Ansell,3890911,gloves,https://www.safcodental.com/product/micro-touch-sup-reg-sup-affinity-sup-reg-sup,https://www.safcodental.com/product/micro-touch-sup-reg-sup-affinity-sup-reg-sup,23.49,USD,visible,100/box,In stock,Powder-free Neoprene (polychloroprene) exam gloves. Textured fingertips finish  Beaded cuff  Ambidextrous Neoprene  Green color Polymer coated for easy donning  Thickness: at palm 5.1 mils; at fingertip 6.3 mils  100 gloves per box Order 10 boxes to purchase a case,{},"https://www.safcodental.com/media/catalog/product/d/r/drdag.jpg?width=265&height=265&canvas=265,265&optimize=medium&fit=bounds",,structured,2026-08-19T03:51:41.345476+00:00,c066ef8c9e811c3c
6e5a023e095741cc9ba77676f2dfd9e9,3890915,Micro-Touch Affinity gloves x-large 100/box,Ansell,3890915,gloves,https://www.safcodental.com/product/micro-touch-sup-reg-sup-affinity-sup-reg-sup,https://www.safcodental.com/product/micro-touch-sup-reg-sup-affinity-sup-reg-sup,23.49,USD,visible,100/box,In stock,Powder-free Neoprene (polychloroprene) exam gloves. Textured fingertips finish  Beaded cuff  Ambidextrous Neoprene  Green color Polymer coated for easy donning  Thickness: at palm 5.1 mils; at fingertip 6.3 mils  100 gloves per box Order 10 boxes to purchase a case,{},"https://www.safcodental.com/media/catalog/product/d/r/drdag.jpg?width=265&height=265&canvas=265,265&optimize=medium&fit=bounds",,structured,2026-08-19T03:51:41.351346+00:00,8652c5a38956801c
f1badf63c91e47e98ae34d7809dfdb38,4750661,Microflex Neogard chloroprene gloves x-small 100/box,Ansell,4750661,gloves,https://www.safcodental.com/product/microflex-sup-reg-sup-neogard-sup-reg-sup,https://www.safcodental.com/product/microflex-sup-reg-sup-neogard-sup-reg-sup,23.49,USD,visible,100/box,In stock,Powder-free chloroprene exam gloves. Exceptional tactile sensitivity. Excellent wet and dry grip. Stretchy soft comfort. Textured fingertip finish Beaded cuff Ambidextrous Chloroprene Polymer coated for easy donning Green color Thickness: at palm 3.9 mils; at fingertip 5.1 mils 100 gloves per box Order 10 boxes to purchase a case,{},"https://www.safcodental.com/media/catalog/product/d/r/drdaf.jpg?width=265&height=265&canvas=265,265&optimize=medium&fit=bounds",,structured,2026-08-19T03:51:43.335318+00:00,33ee1d8ae50e1220
0bb3c78a50b34650940c6e360b3d958c,4750663,Microflex Neogard chloroprene gloves small 100/box,Ansell,4750663,gloves,https://www.safcodental.com/product/microflex-sup-reg-sup-neogard-sup-reg-sup,https://www.safcodental.com/product/microflex-sup-reg-sup-neogard-sup-reg-sup,23.49,USD,visible,100/box,In stock,Powder-free chloroprene exam gloves. Exceptional tactile sensitivity. Excellent wet and dry grip. Stretchy soft comfort. Textured fingertip finish Beaded cuff Ambidextrous Chloroprene Polymer coated for easy donning Green color Thickness: at palm 3.9 mils; at fingertip 5.1 mils 100 gloves per box Order 10 boxes to purchase a case,{},"https://www.safcodental.com/media/catalog/product/d/r/drdaf.jpg?width=265&height=265&canvas=265,265&optimize=medium&fit=bounds",,structured,2026-08-19T03:51:43.341455+00:00,3e1e9c65c1c6078a
9f93cd81834b48c98fa8f8e101e67c2f,4750667,Microflex Neogard chloroprene gloves medium 100/box,Ansell,4750667,gloves,https://www.safcodental.com/product/microflex-sup-reg-sup-neogard-sup-reg-sup,https://www.safcodental.com/product/microflex-sup-reg-sup-neogard-sup-reg-sup,23.49,USD,visible,100/box,In stock,Powder-free chloroprene exam gloves. Exceptional tactile sensitivity. Excellent wet and dry grip. Stretchy soft comfort. Textured fingertip finish Beaded cuff Ambidextrous Chloroprene Polymer coated for easy donning Green color Thickness: at palm 3.9 mils; at fingertip 5.1 mils 100 gloves per box Order 10 boxes to purchase a case,{},"https://www.safcodental.com/media/catalog/product/d/r/drdaf.jpg?width=265&height=265&canvas=265,265&optimize=medium&fit=bounds",,structured,2026-08-19T03:51:43.348812+00:00,e06dcc96aacd25df
1d3b9fa4aeb44f6d963a2fdc34867bfb,4750671,Microflex Neogard chloroprene gloves large 100/box,Ansell,4750671,gloves,https://www.safcodental.com/product/microflex-sup-reg-sup-neogard-sup-reg-sup,https://www.safcodental.com/product/microflex-sup-reg-sup-neogard-sup-reg-sup,23.49,USD,visible,100/box,In stock,Powder-free chloroprene exam gloves. Exceptional tactile sensitivity. Excellent wet and dry grip. Stretchy soft comfort. Textured fingertip finish Beaded cuff Ambidextrous Chloroprene Polymer coated for easy donning Green color Thickness: at palm 3.9 mils; at fingertip 5.1 mils 100 gloves per box Order 10 boxes to purchase a case,{},"https://www.safcodental.com/media/catalog/product/d/r/drdaf.jpg?width=265&height=265&canvas=265,265&optimize=medium&fit=bounds",,structured,2026-08-19T03:51:43.355198+00:00,faaf6d5abb2bec69
005e58139d284475b3d6c645adb9c4b2,4750673,Microflex Neogard chloroprene gloves x-large 100/box,Ansell,4750673,gloves,https://www.safcodental.com/product/microflex-sup-reg-sup-neogard-sup-reg-sup,https://www.safcodental.com/product/microflex-sup-reg-sup-neogard-sup-reg-sup,23.49,USD,visible,100/box,In stock,Powder-free chloroprene exam gloves. Exceptional tactile sensitivity. Excellent wet and dry grip. Stretchy soft comfort. Textured fingertip finish Beaded cuff Ambidextrous Chloroprene Polymer coated for easy donning Green color Thickness: at palm 3.9 mils; at fingertip 5.1 mils 100 gloves per box Order 10 boxes to purchase a case,{},"https://www.safcodental.com/media/catalog/product/d/r/drdaf.jpg?width=265&height=265&canvas=265,265&optimize=medium&fit=bounds",,structured,2026-08-19T03:51:43.361427+00:00,d0c77af39b0490c2
1fc93c0987e9451bba1575e1261d5a9f,4750614,Microflex NeoPro chloroprene gloves x-small 100/box,Ansell,4750614,gloves,https://www.safcodental.com/product/microflex-sup-reg-sup-neopro-sup-reg-sup,https://www.safcodental.com/product/microflex-sup-reg-sup-neopro-sup-reg-sup,24.99,USD,visible,100/box,In stock,Powder-free chloroprene examination gloves. Textured whole hand finish Beaded cuff Ambidextrous Chloroprene Green color Polymer coated for easy donning Thickness: at palm 5.1  mils; at fingertip 6.7 mils 100 gloves per box Order 10 boxes to purchase a case,{},"https://www.safcodental.com/media/catalog/product/d/r/drdac.jpg?width=265&height=265&canvas=265,265&optimize=medium&fit=bounds",,structured,2026-08-19T03:51:45.335349+00:00,5ecbbdd4fdd50e88
a4d95f4c825645dcb26bee3e90a11d4e,4750620,Microflex NeoPro chloroprene gloves small 100/box,Ansell,4750620,gloves,https://www.safcodental.com/product/microflex-sup-reg-sup-neopro-sup-reg-sup,https://www.safcodental.com/product/microflex-sup-reg-sup-neopro-sup-reg-sup,24.99,USD,visible,100/box,In stock,Powder-free chloroprene examination gloves. Textured whole hand finish Beaded cuff Ambidextrous Chloroprene Green color Polymer coated for easy donning Thickness: at palm 5.1  mils; at fingertip 6.7 mils 100 gloves per box Order 10 boxes to purchase a case,{},"https://www.safcodental.com/media/catalog/product/d/r/drdac.jpg?width=265&height=265&canvas=265,265&optimize=medium&fit=bounds",,structured,2026-08-19T03:51:45.341961+00:00,f4014ab9121b656b
2ce6160e8d6e4fbf865baf1a58e99da3,4750633,Microflex NeoPro chloroprene gloves medium 100/box,Ansell,4750633,gloves,https://www.safcodental.com/product/microflex-sup-reg-sup-neopro-sup-reg-sup,https://www.safcodental.com/product/microflex-sup-reg-sup-neopro-sup-reg-sup,24.99,USD,visible,100/box,In stock,Powder-free chloroprene examination gloves. Textured whole hand finish Beaded cuff Ambidextrous Chloroprene Green color Polymer coated for easy donning Thickness: at palm 5.1  mils; at fingertip 6.7 mils 100 gloves per box Order 10 boxes to purchase a case,{},"https://www.safcodental.com/media/catalog/product/d/r/drdac.jpg?width=265&height=265&canvas=265,265&optimize=medium&fit=bounds",,structured,2026-08-19T03:51:45.349164+00:00,4c3cbecd77f2f2bc
86b005dabcd14323b731fbcecf5365f6,4750642,Microflex NeoPro chloroprene gloves large 100/box,Ansell,4750642,gloves,https://www.safcodental.com/product/microflex-sup-reg-sup-neopro-sup-reg-sup,https://www.safcodental.com/product/microflex-sup-reg-sup-neopro-sup-reg-sup,24.99,USD,visible,100/box,In stock,Powder-free chloroprene examination gloves. Textured whole hand finish Beaded cuff Ambidextrous Chloroprene Green color Polymer coated for easy donning Thickness: at palm 5.1  mils; at fingertip 6.7 mils 100 gloves per box Order 10 boxes to purchase a case,{},"https://www.safcodental.com/media/catalog/product/d/r/drdac.jpg?width=265&height=265&canvas=265,265&optimize=medium&fit=bounds",,structured,2026-08-19T03:51:45.355957+00:00,1bd75cef8d879716
bc3de4df94c445e8a32993c08c291570,4750657,Microflex NeoPro chloroprene gloves x-large 100/box,Ansell,4750657,gloves,https://www.safcodental.com/product/microflex-sup-reg-sup-neopro-sup-reg-sup,https://www.safcodental.com/product/microflex-sup-reg-sup-neopro-sup-reg-sup,24.99,USD,visible,100/box,In stock,Powder-free chloroprene examination gloves. Textured whole hand finish Beaded cuff Ambidextrous Chloroprene Green color Polymer coated for easy donning Thickness: at palm 5.1  mils; at fingertip 6.7 mils 100 gloves per box Order 10 boxes to purchase a case,{},"https://www.safcodental.com/media/catalog/product/d/r/drdac.jpg?width=265&height=265&canvas=265,265&optimize=medium&fit=bounds",,structured,2026-08-19T03:51:45.362142+00:00,31545b476d3f335f
